flight_number,airline_name,carrier_code,origin,destination,departure_time,arrival_time,base_fare,taxes_and_fees,total_fare,seats_left,fare_class,scraped_at_timestamp,lead_window,source_name,source_type,route_id
QP1833,Akasa Air,QP,DEL,BOM,2026-09-03T06:50:00,2026-09-03T09:10:00,5640.0,1240.0,6880.0,17,EC,2026-09-02T14:49:00.414976+00:00,T+1,akasa_air,airline_direct,DEL-BOM
QP1119,Akasa Air,QP,DEL,BOM,2026-09-03T08:40:00,2026-09-03T10:55:00,5640.0,1240.0,6880.0,20,EC,2026-09-02T14:49:00.414976+00:00,T+1,akasa_air,airline_direct,DEL-BOM
QP1112,Akasa Air,QP,DEL,BOM,2026-09-03T09:20:00,2026-09-03T11:40:00,5640.0,1240.0,6880.0,20,EC,2026-09-02T14:49:00.414976+00:00,T+1,akasa_air,airline_direct,DEL-BOM
QP1110,Akasa Air,QP,DEL,BOM,2026-09-03T10:30:00,2026-09-03T12:45:00,5640.0,1240.0,6880.0,18,EC,2026-09-02T14:49:00.414976+00:00,T+1,akasa_air,airline_direct,DEL-BOM
QP1836,Akasa Air,QP,DEL,BOM,2026-09-03T12:30:00,2026-09-03T14:55:00,5640.0,1240.0,6880.0,20,EC,2026-09-02T14:49:00.414976+00:00,T+1,akasa_air,airline_direct,DEL-BOM
QP1128,Akasa Air,QP,DEL,BOM,2026-09-03T16:00:00,2026-09-03T18:20:00,5640.0,1240.0,6880.0,19,EC,2026-09-02T14:49:00.414976+00:00,T+1,akasa_air,airline_direct,DEL-BOM
QP1820,Akasa Air,QP,DEL,BOM,2026-09-03T17:30:00,2026-09-03T19:45:00,7013.0,1308.0,8321.0,13,EC,2026-09-02T14:49:00.414976+00:00,T+1,akasa_air,airline_direct,DEL-BOM
QP1813,Akasa Air,QP,DEL,BOM,2026-09-03T08:20:00,2026-09-03T16:40:00,7804.0,1662.0,9466.0,5,EC,2026-09-02T14:49:00.414976+00:00,T+1,akasa_air,airline_direct,DEL-BOM
QP1817,Akasa Air,QP,DEL,BOM,2026-09-03T10:30:00,2026-09-03T16:40:00,7804.0,1662.0,9466.0,5,EC,2026-09-02T14:49:00.414976+00:00,T+1,akasa_air,airline_direct,DEL-BOM
QP1826,Akasa Air,QP,DEL,BOM,2026-09-03T19:55:00,2026-09-03T22:20:00,13123.0,1614.0,14737.0,20,EC,2026-09-02T14:49:00.414976+00:00,T+1,akasa_air,airline_direct,DEL-BOM
QP1812,Akasa Air,QP,DEL,BOM,2026-09-03T22:55:00,2026-09-04T08:00:00,9108.0,1748.0,10856.0,8,EC,2026-09-02T14:49:00.414976+00:00,T+1,akasa_air,airline_direct,DEL-BOM
QP1803,Akasa Air,QP,DEL,BOM,2026-09-03T17:05:00,2026-09-04T01:40:00,7617.0,1760.0,9377.0,1,EC,2026-09-02T14:49:00.414976+00:00,T+1,akasa_air,airline_direct,DEL-BOM
QP1812,Akasa Air,QP,DEL,BOM,2026-09-03T22:55:00,2026-09-04T06:45:00,9108.0,1760.0,10868.0,8,EC,2026-09-02T14:49:00.414976+00:00,T+1,akasa_air,airline_direct,DEL-BOM
QP1350,Akasa Air,QP,DEL,BOM,2026-09-03T21:55:00,2026-09-04T06:45:00,9665.0,1788.0,11453.0,8,EC,2026-09-02T14:49:00.414976+00:00,T+1,akasa_air,airline_direct,DEL-BOM
QP1815,Akasa Air,QP,DEL,BOM,2026-09-03T14:55:00,2026-09-03T21:45:00,11167.0,1848.0,13015.0,3,EC,2026-09-02T14:49:00.414976+00:00,T+1,akasa_air,airline_direct,DEL-BOM
QP1822,Akasa Air,QP,DEL,BOM,2026-09-03T16:40:00,2026-09-04T00:45:00,9108.0,1926.0,11034.0,8,EC,2026-09-02T14:49:00.414976+00:00,T+1,akasa_air,airline_direct,DEL-BOM
QP1833,Akasa Air,QP,DEL,BOM,2026-09-09T06:50:00,2026-09-09T09:10:00,5640.0,1240.0,6880.0,20,EC,2026-09-02T14:49:04.782087+00:00,T+7,akasa_air,airline_direct,DEL-BOM
QP1119,Akasa Air,QP,DEL,BOM,2026-09-09T08:40:00,2026-09-09T10:55:00,5640.0,1240.0,6880.0,20,EC,2026-09-02T14:49:04.782087+00:00,T+7,akasa_air,airline_direct,DEL-BOM
QP1112,Akasa Air,QP,DEL,BOM,2026-09-09T09:20:00,2026-09-09T11:40:00,5640.0,1240.0,6880.0,20,EC,2026-09-02T14:49:04.782087+00:00,T+7,akasa_air,airline_direct,DEL-BOM
QP1110,Akasa Air,QP,DEL,BOM,2026-09-09T10:30:00,2026-09-09T12:45:00,5640.0,1240.0,6880.0,19,EC,2026-09-02T14:49:04.782087+00:00,T+7,akasa_air,airline_direct,DEL-BOM
QP1836,Akasa Air,QP,DEL,BOM,2026-09-09T12:30:00,2026-09-09T14:55:00,5640.0,1240.0,6880.0,20,EC,2026-09-02T14:49:04.782087+00:00,T+7,akasa_air,airline_direct,DEL-BOM
QP1128,Akasa Air,QP,DEL,BOM,2026-09-09T16:00:00,2026-09-09T18:20:00,5640.0,1240.0,6880.0,20,EC,2026-09-02T14:49:04.782087+00:00,T+7,akasa_air,airline_direct,DEL-BOM
QP1820,Akasa Air,QP,DEL,BOM,2026-09-09T17:30:00,2026-09-09T19:45:00,5640.0,1240.0,6880.0,20,EC,2026-09-02T14:49:04.782087+00:00,T+7,akasa_air,airline_direct,DEL-BOM
QP1826,Akasa Air,QP,DEL,BOM,2026-09-09T19:55:00,2026-09-09T22:20:00,7013.0,1308.0,8321.0,20,EC,2026-09-02T14:49:04.782087+00:00,T+7,akasa_air,airline_direct,DEL-BOM
QP1308,Akasa Air,QP,DEL,BOM,2026-09-09T20:55:00,2026-09-10T06:45:00,7774.0,1646.0,9420.0,8,EC,2026-09-02T14:49:04.782087+00:00,T+7,akasa_air,airline_direct,DEL-BOM
QP1350,Akasa Air,QP,DEL,BOM,2026-09-09T21:55:00,2026-09-10T06:45:00,7774.0,1646.0,9420.0,8,EC,2026-09-02T14:49:04.782087+00:00,T+7,akasa_air,airline_direct,DEL-BOM
QP1350,Akasa Air,QP,DEL,BOM,2026-09-09T21:55:00,2026-09-10T07:10:00,7774.0,1680.0,9454.0,8,EC,2026-09-02T14:49:04.782087+00:00,T+7,akasa_air,airline_direct,DEL-BOM
QP1803,Akasa Air,QP,DEL,BOM,2026-09-09T17:05:00,2026-09-10T01:40:00,7012.0,1688.0,8700.0,8,EC,2026-09-02T14:49:04.782087+00:00,T+7,akasa_air,airline_direct,DEL-BOM
QP1912,Akasa Air,QP,DEL,BOM,2026-09-09T14:55:00,2026-09-10T00:45:00,8087.0,1696.0,9783.0,8,EC,2026-09-02T14:49:04.782087+00:00,T+7,akasa_air,airline_direct,DEL-BOM
QP1822,Akasa Air,QP,DEL,BOM,2026-09-09T16:40:00,2026-09-10T00:45:00,8087.0,1696.0,9783.0,8,EC,2026-09-02T14:49:04.783363+00:00,T+7,akasa_air,airline_direct,DEL-BOM
QP1817,Akasa Air,QP,DEL,BOM,2026-09-09T10:30:00,2026-09-09T16:40:00,8965.0,1720.0,10685.0,10,EC,2026-09-02T14:49:04.783363+00:00,T+7,akasa_air,airline_direct,DEL-BOM
QP1813,Akasa Air,QP,DEL,BOM,2026-09-09T08:20:00,2026-09-09T16:40:00,9513.0,1748.0,11261.0,10,EC,2026-09-02T14:49:04.783363+00:00,T+7,akasa_air,airline_direct,DEL-BOM
QP1833,Akasa Air,QP,DEL,BOM,2026-09-17T06:50:00,2026-09-17T09:10:00,5640.0,1240.0,6880.0,17,EC,2026-09-02T14:49:09.339606+00:00,T+15,akasa_air,airline_direct,DEL-BOM
QP1119,Akasa Air,QP,DEL,BOM,2026-09-17T08:40:00,2026-09-17T10:55:00,5640.0,1240.0,6880.0,19,EC,2026-09-02T14:49:09.339606+00:00,T+15,akasa_air,airline_direct,DEL-BOM
QP1112,Akasa Air,QP,DEL,BOM,2026-09-17T09:20:00,2026-09-17T11:40:00,5640.0,1240.0,6880.0,20,EC,2026-09-02T14:49:09.339606+00:00,T+15,akasa_air,airline_direct,DEL-BOM
QP1110,Akasa Air,QP,DEL,BOM,2026-09-17T10:30:00,2026-09-17T12:45:00,5640.0,1240.0,6880.0,20,EC,2026-09-02T14:49:09.339606+00:00,T+15,akasa_air,airline_direct,DEL-BOM
QP1836,Akasa Air,QP,DEL,BOM,2026-09-17T12:30:00,2026-09-17T14:55:00,5640.0,1240.0,6880.0,17,EC,2026-09-02T14:49:09.339606+00:00,T+15,akasa_air,airline_direct,DEL-BOM
QP1128,Akasa Air,QP,DEL,BOM,2026-09-17T16:00:00,2026-09-17T18:20:00,5640.0,1240.0,6880.0,20,EC,2026-09-02T14:49:09.339606+00:00,T+15,akasa_air,airline_direct,DEL-BOM
QP1820,Akasa Air,QP,DEL,BOM,2026-09-17T17:30:00,2026-09-17T19:45:00,5640.0,1240.0,6880.0,21,EC,2026-09-02T14:49:09.339606+00:00,T+15,akasa_air,airline_direct,DEL-BOM
QP1826,Akasa Air,QP,DEL,BOM,2026-09-17T19:55:00,2026-09-17T22:20:00,5640.0,1240.0,6880.0,17,EC,2026-09-02T14:49:09.339606+00:00,T+15,akasa_air,airline_direct,DEL-BOM
QP1815,Akasa Air,QP,DEL,BOM,2026-09-17T14:55:00,2026-09-17T21:45:00,7804.0,1634.0,9438.0,5,EC,2026-09-02T14:49:09.339606+00:00,T+15,akasa_air,airline_direct,DEL-BOM
QP1308,Akasa Air,QP,DEL,BOM,2026-09-17T20:55:00,2026-09-18T06:45:00,7774.0,1634.0,9408.0,8,EC,2026-09-02T14:49:09.339606+00:00,T+15,akasa_air,airline_direct,DEL-BOM
QP1350,Akasa Air,QP,DEL,BOM,2026-09-17T21:55:00,2026-09-18T06:45:00,7774.0,1634.0,9408.0,8,EC,2026-09-02T14:49:09.339606+00:00,T+15,akasa_air,airline_direct,DEL-BOM
QP1812,Akasa Air,QP,DEL,BOM,2026-09-17T22:55:00,2026-09-18T06:45:00,7774.0,1634.0,9408.0,8,EC,2026-09-02T14:49:09.339606+00:00,T+15,akasa_air,airline_direct,DEL-BOM
QP1812,Akasa Air,QP,DEL,BOM,2026-09-17T22:55:00,2026-09-18T08:00:00,7774.0,1694.0,9468.0,6,EC,2026-09-02T14:49:09.339606+00:00,T+15,akasa_air,airline_direct,DEL-BOM
QP1803,Akasa Air,QP,DEL,BOM,2026-09-17T17:05:00,2026-09-18T01:40:00,6728.0,1694.0,8422.0,7,EC,2026-09-02T14:49:09.339606+00:00,T+15,akasa_air,airline_direct,DEL-BOM
QP1813,Akasa Air,QP,DEL,BOM,2026-09-17T08:20:00,2026-09-17T16:40:00,8120.0,1712.0,9832.0,2,EC,2026-09-02T14:49:09.339606+00:00,T+15,akasa_air,airline_direct,DEL-BOM
QP1817,Akasa Air,QP,DEL,BOM,2026-09-17T10:30:00,2026-09-17T16:40:00,10298.0,1820.0,12118.0,2,EC,2026-09-02T14:49:09.339606+00:00,T+15,akasa_air,airline_direct,DEL-BOM
QP1833,Akasa Air,QP,DEL,BOM,2026-10-02T06:50:00,2026-10-02T09:10:00,5640.0,1240.0,6880.0,8,EC,2026-09-02T14:49:13.810492+00:00,T+30,akasa_air,airline_direct,DEL-BOM
QP1119,Akasa Air,QP,DEL,BOM,2026-10-02T08:40:00,2026-10-02T11:05:00,5640.0,1240.0,6880.0,8,EC,2026-09-02T14:49:13.810492+00:00,T+30,akasa_air,airline_direct,DEL-BOM
QP1110,Akasa Air,QP,DEL,BOM,2026-10-02T10:00:00,2026-10-02T12:20:00,5640.0,1240.0,6880.0,8,EC,2026-09-02T14:49:13.810492+00:00,T+30,akasa_air,airline_direct,DEL-BOM
QP1128,Akasa Air,QP,DEL,BOM,2026-10-02T16:00:00,2026-10-02T18:20:00,5640.0,1240.0,6880.0,8,EC,2026-09-02T14:49:13.810492+00:00,T+30,akasa_air,airline_direct,DEL-BOM
QP1820,Akasa Air,QP,DEL,BOM,2026-10-02T17:30:00,2026-10-02T19:50:00,5640.0,1240.0,6880.0,8,EC,2026-09-02T14:49:13.810492+00:00,T+30,akasa_air,airline_direct,DEL-BOM
QP1826,Akasa Air,QP,DEL,BOM,2026-10-02T19:55:00,2026-10-02T22:20:00,5640.0,1240.0,6880.0,8,EC,2026-09-02T14:49:13.810492+00:00,T+30,akasa_air,airline_direct,DEL-BOM
QP1815,Akasa Air,QP,DEL,BOM,2026-10-02T14:55:00,2026-10-02T21:55:00,9144.0,1596.0,10740.0,8,EC,2026-09-02T14:49:13.810492+00:00,T+30,akasa_air,airline_direct,DEL-BOM
QP1822,Akasa Air,QP,DEL,BOM,2026-10-02T16:40:00,2026-10-03T00:45:00,7774.0,1624.0,9398.0,8,EC,2026-09-02T14:49:13.810492+00:00,T+30,akasa_air,airline_direct,DEL-BOM
QP1812,Akasa Air,QP,DEL,BOM,2026-10-02T22:55:00,2026-10-03T06:50:00,7774.0,1624.0,9398.0,8,EC,2026-09-02T14:49:13.810492+00:00,T+30,akasa_air,airline_direct,DEL-BOM
QP1803,Akasa Air,QP,DEL,BOM,2026-10-02T17:00:00,2026-10-02T23:50:00,8625.0,1796.0,10421.0,8,EC,2026-09-02T14:49:13.810492+00:00,T+30,akasa_air,airline_direct,DEL-BOM
QP1813,Akasa Air,QP,DEL,BOM,2026-10-02T08:20:00,2026-10-02T17:00:00,16861.0,1998.0,18859.0,8,EC,2026-09-02T14:49:13.810492+00:00,T+30,akasa_air,airline_direct,DEL-BOM
QP1817,Akasa Air,QP,DEL,BOM,2026-10-02T10:30:00,2026-10-02T17:00:00,18083.0,2060.0,20143.0,8,EC,2026-09-02T14:49:13.810492+00:00,T+30,akasa_air,airline_direct,DEL-BOM
QP1833,Akasa Air,QP,DEL,BOM,2026-10-17T06:50:00,2026-10-17T09:10:00,5753.0,1246.0,6999.0,8,EC,2026-09-02T14:49:18.492072+00:00,T+45,akasa_air,airline_direct,DEL-BOM
QP1128,Akasa Air,QP,DEL,BOM,2026-10-17T16:00:00,2026-10-17T18:20:00,5985.0,1258.0,7243.0,8,EC,2026-09-02T14:49:18.492072+00:00,T+45,akasa_air,airline_direct,DEL-BOM
QP1820,Akasa Air,QP,DEL,BOM,2026-10-17T17:30:00,2026-10-17T19:50:00,6105.0,1264.0,7369.0,8,EC,2026-09-02T14:49:18.492072+00:00,T+45,akasa_air,airline_direct,DEL-BOM
QP1119,Akasa Air,QP,DEL,BOM,2026-10-17T08:40:00,2026-10-17T11:05:00,6227.0,1270.0,7497.0,8,EC,2026-09-02T14:49:18.492072+00:00,T+45,akasa_air,airline_direct,DEL-BOM
QP1110,Akasa Air,QP,DEL,BOM,2026-10-17T10:00:00,2026-10-17T12:20:00,6227.0,1270.0,7497.0,8,EC,2026-09-02T14:49:18.492072+00:00,T+45,akasa_air,airline_direct,DEL-BOM
QP1826,Akasa Air,QP,DEL,BOM,2026-10-17T19:55:00,2026-10-17T22:20:00,6227.0,1270.0,7497.0,8,EC,2026-09-02T14:49:18.492072+00:00,T+45,akasa_air,airline_direct,DEL-BOM
QP1815,Akasa Air,QP,DEL,BOM,2026-10-17T14:55:00,2026-10-17T21:55:00,8448.0,1586.0,10034.0,8,EC,2026-09-02T14:49:18.492072+00:00,T+45,akasa_air,airline_direct,DEL-BOM
QP1812,Akasa Air,QP,DEL,BOM,2026-10-17T22:55:00,2026-10-18T06:50:00,9859.0,1772.0,11631.0,4,EC,2026-09-02T14:49:18.492072+00:00,T+45,akasa_air,airline_direct,DEL-BOM
QP1813,Akasa Air,QP,DEL,BOM,2026-10-17T08:20:00,2026-10-17T17:00:00,15721.0,1950.0,17671.0,8,EC,2026-09-02T14:49:18.492072+00:00,T+45,akasa_air,airline_direct,DEL-BOM
QP1817,Akasa Air,QP,DEL,BOM,2026-10-17T10:30:00,2026-10-17T17:00:00,15721.0,1950.0,17671.0,8,EC,2026-09-02T14:49:18.492072+00:00,T+45,akasa_air,airline_direct,DEL-BOM
QP1822,Akasa Air,QP,DEL,BOM,2026-10-17T16:40:00,2026-10-18T00:45:00,9859.0,1964.0,11823.0,4,EC,2026-09-02T14:49:18.492072+00:00,T+45,akasa_air,airline_direct,DEL-BOM
QP1803,Akasa Air,QP,DEL,BOM,2026-10-17T17:00:00,2026-10-17T23:50:00,13048.0,2280.0,15328.0,8,EC,2026-09-02T14:49:18.492072+00:00,T+45,akasa_air,airline_direct,DEL-BOM
QP1111,Akasa Air,QP,BOM,DEL,2026-09-03T05:25:00,2026-09-03T07:40:00,5640.0,1272.0,6912.0,20,EC,2026-09-02T14:49:23.104355+00:00,T+1,akasa_air,airline_direct,BOM-DEL
QP1835,Akasa Air,QP,BOM,DEL,2026-09-03T11:50:00,2026-09-03T14:20:00,5640.0,1272.0,6912.0,19,EC,2026-09-02T14:49:23.104355+00:00,T+1,akasa_air,airline_direct,BOM-DEL
QP1127,Akasa Air,QP,BOM,DEL,2026-09-03T13:00:00,2026-09-03T15:20:00,5640.0,1272.0,6912.0,20,EC,2026-09-02T14:49:23.104355+00:00,T+1,akasa_air,airline_direct,BOM-DEL
QP1819,Akasa Air,QP,BOM,DEL,2026-09-03T14:30:00,2026-09-03T16:50:00,5640.0,1272.0,6912.0,18,EC,2026-09-02T14:49:23.104355+00:00,T+1,akasa_air,airline_direct,BOM-DEL
QP1825,Akasa Air,QP,BOM,DEL,2026-09-03T16:50:00,2026-09-03T19:15:00,5640.0,1272.0,6912.0,20,EC,2026-09-02T14:49:23.104355+00:00,T+1,akasa_air,airline_direct,BOM-DEL
QP1109,Akasa Air,QP,BOM,DEL,2026-09-03T07:00:00,2026-09-03T09:20:00,5753.0,1278.0,7031.0,20,EC,2026-09-02T14:49:23.104355+00:00,T+1,akasa_air,airline_direct,BOM-DEL
QP1834,Akasa Air,QP,BOM,DEL,2026-09-03T10:20:00,2026-09-03T12:45:00,5753.0,1278.0,7031.0,18,EC,2026-09-02T14:49:23.104355+00:00,T+1,akasa_air,airline_direct,BOM-DEL
QP1120,Akasa Air,QP,BOM,DEL,2026-09-03T18:45:00,2026-09-03T21:15:00,7897.0,1384.0,9281.0,50,EC,2026-09-02T14:49:23.104355+00:00,T+1,akasa_air,airline_direct,BOM-DEL
QP1131,Akasa Air,QP,BOM,DEL,2026-09-03T10:10:00,2026-09-03T19:00:00,7067.0,1618.0,8685.0,1,EC,2026-09-02T14:49:23.104355+00:00,T+1,akasa_air,airline_direct,BOM-DEL
QP1516,Akasa Air,QP,BOM,DEL,2026-09-03T00:40:00,2026-09-03T07:00:00,6451.0,1726.0,8177.0,8,EC,2026-09-02T14:49:23.104355+00:00,T+1,akasa_air,airline_direct,BOM-DEL
QP1516,Akasa Air,QP,BOM,DEL,2026-09-03T00:40:00,2026-09-03T07:50:00,6451.0,1726.0,8177.0,8,EC,2026-09-02T14:49:23.104355+00:00,T+1,akasa_air,airline_direct,BOM-DEL
QP1516,Akasa Air,QP,BOM,DEL,2026-09-03T00:40:00,2026-09-03T08:50:00,6451.0,1794.0,8245.0,8,EC,2026-09-02T14:49:23.104355+00:00,T+1,akasa_air,airline_direct,BOM-DEL
QP1105,Akasa Air,QP,BOM,DEL,2026-09-03T13:05:00,2026-09-03T21:15:00,8939.0,1894.0,10833.0,10,EC,2026-09-02T14:49:23.104355+00:00,T+1,akasa_air,airline_direct,BOM-DEL
QP1518,Akasa Air,QP,BOM,DEL,2026-09-03T21:45:00,2026-09-04T07:00:00,10559.0,1930.0,12489.0,8,EC,2026-09-02T14:49:23.104355+00:00,T+1,akasa_air,airline_direct,BOM-DEL
QP1518,Akasa Air,QP,BOM,DEL,2026-09-03T21:45:00,2026-09-04T07:50:00,10559.0,1930.0,12489.0,8,EC,2026-09-02T14:49:23.104355+00:00,T+1,akasa_air,airline_direct,BOM-DEL
QP1527,Akasa Air,QP,BOM,DEL,2026-09-03T07:35:00,2026-09-03T16:00:00,13814.0,2100.0,15914.0,2,EC,2026-09-02T14:49:23.104355+00:00,T+1,akasa_air,airline_direct,BOM-DEL
QP1111,Akasa Air,QP,BOM,DEL,2026-09-09T05:25:00,2026-09-09T07:40:00,5640.0,1272.0,6912.0,20,EC,2026-09-02T14:49:28.118874+00:00,T+7,akasa_air,airline_direct,BOM-DEL
QP1834,Akasa Air,QP,BOM,DEL,2026-09-09T10:20:00,2026-09-09T12:45:00,5640.0,1272.0,6912.0,20,EC,2026-09-02T14:49:28.118874+00:00,T+7,akasa_air,airline_direct,BOM-DEL
QP1835,Akasa Air,QP,BOM,DEL,2026-09-09T11:50:00,2026-09-09T14:20:00,5640.0,1272.0,6912.0,20,EC,2026-09-02T14:49:28.118874+00:00,T+7,akasa_air,airline_direct,BOM-DEL
QP1127,Akasa Air,QP,BOM,DEL,2026-09-09T13:00:00,2026-09-09T15:20:00,5640.0,1272.0,6912.0,20,EC,2026-09-02T14:49:28.118874+00:00,T+7,akasa_air,airline_direct,BOM-DEL
QP1819,Akasa Air,QP,BOM,DEL,2026-09-09T14:30:00,2026-09-09T16:50:00,5640.0,1272.0,6912.0,20,EC,2026-09-02T14:49:28.118874+00:00,T+7,akasa_air,airline_direct,BOM-DEL
QP1825,Akasa Air,QP,BOM,DEL,2026-09-09T16:50:00,2026-09-09T19:15:00,5640.0,1272.0,6912.0,20,EC,2026-09-02T14:49:28.118874+00:00,T+7,akasa_air,airline_direct,BOM-DEL
QP1120,Akasa Air,QP,BOM,DEL,2026-09-09T18:45:00,2026-09-09T21:15:00,5640.0,1272.0,6912.0,20,EC,2026-09-02T14:49:28.118874+00:00,T+7,akasa_air,airline_direct,BOM-DEL
QP1109,Akasa Air,QP,BOM,DEL,2026-09-09T07:00:00,2026-09-09T09:20:00,5868.0,1284.0,7152.0,20,EC,2026-09-02T14:49:28.118874+00:00,T+7,akasa_air,airline_direct,BOM-DEL
QP1516,Akasa Air,QP,BOM,DEL,2026-09-09T00:40:00,2026-09-09T07:00:00,4122.0,1608.0,5730.0,20,EC,2026-09-02T14:49:28.118874+00:00,T+7,akasa_air,airline_direct,BOM-DEL
QP1516,Akasa Air,QP,BOM,DEL,2026-09-09T00:40:00,2026-09-09T07:50:00,4122.0,1608.0,5730.0,20,EC,2026-09-02T14:49:28.118874+00:00,T+7,akasa_air,airline_direct,BOM-DEL
QP1516,Akasa Air,QP,BOM,DEL,2026-09-09T00:40:00,2026-09-09T08:50:00,4122.0,1608.0,5730.0,20,EC,2026-09-02T14:49:28.118874+00:00,T+7,akasa_air,airline_direct,BOM-DEL
QP1384,Akasa Air,QP,BOM,DEL,2026-09-09T23:10:00,2026-09-10T07:00:00,4122.0,1608.0,5730.0,16,EC,2026-09-02T14:49:28.118874+00:00,T+7,akasa_air,airline_direct,BOM-DEL
QP1985,Akasa Air,QP,BOM,DEL,2026-09-09T23:20:00,2026-09-10T07:00:00,4122.0,1608.0,5730.0,20,EC,2026-09-02T14:49:28.118874+00:00,T+7,akasa_air,airline_direct,BOM-DEL
QP1985,Akasa Air,QP,BOM,DEL,2026-09-09T23:20:00,2026-09-10T07:50:00,4122.0,1608.0,5730.0,19,EC,2026-09-02T14:49:28.118874+00:00,T+7,akasa_air,airline_direct,BOM-DEL
QP1129,Akasa Air,QP,BOM,DEL,2026-09-09T08:45:00,2026-09-09T16:00:00,5898.0,1698.0,7596.0,8,EC,2026-09-02T14:49:28.118874+00:00,T+7,akasa_air,airline_direct,BOM-DEL
QP1527,Akasa Air,QP,BOM,DEL,2026-09-09T07:35:00,2026-09-09T16:00:00,6169.0,1712.0,7881.0,8,EC,2026-09-02T14:49:28.118874+00:00,T+7,akasa_air,airline_direct,BOM-DEL
QP1111,Akasa Air,QP,BOM,DEL,2026-09-17T05:25:00,2026-09-17T07:40:00,5640.0,1272.0,6912.0,20,EC,2026-09-02T14:49:33.005619+00:00,T+15,akasa_air,airline_direct,BOM-DEL
QP1834,Akasa Air,QP,BOM,DEL,2026-09-17T10:20:00,2026-09-17T12:45:00,5640.0,1272.0,6912.0,20,EC,2026-09-02T14:49:33.005619+00:00,T+15,akasa_air,airline_direct,BOM-DEL
QP1835,Akasa Air,QP,BOM,DEL,2026-09-17T11:50:00,2026-09-17T14:20:00,5640.0,1272.0,6912.0,20,EC,2026-09-02T14:49:33.005619+00:00,T+15,akasa_air,airline_direct,BOM-DEL
QP1127,Akasa Air,QP,BOM,DEL,2026-09-17T13:00:00,2026-09-17T15:20:00,5640.0,1272.0,6912.0,20,EC,2026-09-02T14:49:33.005619+00:00,T+15,akasa_air,airline_direct,BOM-DEL
QP1819,Akasa Air,QP,BOM,DEL,2026-09-17T14:30:00,2026-09-17T16:50:00,5640.0,1272.0,6912.0,20,EC,2026-09-02T14:49:33.005619+00:00,T+15,akasa_air,airline_direct,BOM-DEL
QP1825,Akasa Air,QP,BOM,DEL,2026-09-17T16:50:00,2026-09-17T19:15:00,5640.0,1272.0,6912.0,17,EC,2026-09-02T14:49:33.005619+00:00,T+15,akasa_air,airline_direct,BOM-DEL
QP1109,Akasa Air,QP,BOM,DEL,2026-09-17T07:00:00,2026-09-17T09:20:00,5868.0,1284.0,7152.0,20,EC,2026-09-02T14:49:33.005619+00:00,T+15,akasa_air,airline_direct,BOM-DEL
QP1120,Akasa Air,QP,BOM,DEL,2026-09-17T18:45:00,2026-09-17T21:15:00,5868.0,1284.0,7152.0,19,EC,2026-09-02T14:49:33.005619+00:00,T+15,akasa_air,airline_direct,BOM-DEL
QP1516,Akasa Air,QP,BOM,DEL,2026-09-17T00:40:00,2026-09-17T07:00:00,4122.0,1616.0,5738.0,20,EC,2026-09-02T14:49:33.005619+00:00,T+15,akasa_air,airline_direct,BOM-DEL
QP1516,Akasa Air,QP,BOM,DEL,2026-09-17T00:40:00,2026-09-17T07:50:00,4122.0,1616.0,5738.0,16,EC,2026-09-02T14:49:33.005619+00:00,T+15,akasa_air,airline_direct,BOM-DEL
QP1131,Akasa Air,QP,BOM,DEL,2026-09-17T10:10:00,2026-09-17T19:00:00,6757.0,1620.0,8377.0,8,EC,2026-09-02T14:49:33.005619+00:00,T+15,akasa_air,airline_direct,BOM-DEL
QP1516,Akasa Air,QP,BOM,DEL,2026-09-17T00:40:00,2026-09-17T08:50:00,4122.0,1678.0,5800.0,18,EC,2026-09-02T14:49:33.005619+00:00,T+15,akasa_air,airline_direct,BOM-DEL
QP1135,Akasa Air,QP,BOM,DEL,2026-09-17T00:35:00,2026-09-17T11:25:00,6678.0,1712.0,8390.0,6,EC,2026-09-02T14:49:33.005619+00:00,T+15,akasa_air,airline_direct,BOM-DEL
QP1105,Akasa Air,QP,BOM,DEL,2026-09-17T13:05:00,2026-09-17T21:15:00,9483.0,1808.0,11291.0,5,EC,2026-09-02T14:49:33.005619+00:00,T+15,akasa_air,airline_direct,BOM-DEL
QP1518,Akasa Air,QP,BOM,DEL,2026-09-17T21:45:00,2026-09-18T07:50:00,7379.0,1840.0,9219.0,8,EC,2026-09-02T14:49:33.005619+00:00,T+15,akasa_air,airline_direct,BOM-DEL
QP1518,Akasa Air,QP,BOM,DEL,2026-09-17T21:45:00,2026-09-18T07:00:00,7379.0,1858.0,9237.0,8,EC,2026-09-02T14:49:33.005619+00:00,T+15,akasa_air,airline_direct,BOM-DEL
QP1127,Akasa Air,QP,BOM,DEL,2026-10-02T13:00:00,2026-10-02T15:20:00,5640.0,1272.0,6912.0,8,EC,2026-09-02T14:49:38.040832+00:00,T+30,akasa_air,airline_direct,BOM-DEL
QP1819,Akasa Air,QP,BOM,DEL,2026-10-02T14:30:00,2026-10-02T16:50:00,5640.0,1272.0,6912.0,8,EC,2026-09-02T14:49:38.040832+00:00,T+30,akasa_air,airline_direct,BOM-DEL
QP1825,Akasa Air,QP,BOM,DEL,2026-10-02T17:00:00,2026-10-02T19:15:00,5640.0,1272.0,6912.0,8,EC,2026-09-02T14:49:38.040832+00:00,T+30,akasa_air,airline_direct,BOM-DEL
QP1120,Akasa Air,QP,BOM,DEL,2026-10-02T19:00:00,2026-10-02T21:15:00,5640.0,1272.0,6912.0,8,EC,2026-09-02T14:49:38.040832+00:00,T+30,akasa_air,airline_direct,BOM-DEL
QP1834,Akasa Air,QP,BOM,DEL,2026-10-02T10:25:00,2026-10-02T12:45:00,5985.0,1290.0,7275.0,8,EC,2026-09-02T14:49:38.040832+00:00,T+30,akasa_air,airline_direct,BOM-DEL
QP1109,Akasa Air,QP,BOM,DEL,2026-10-02T07:00:00,2026-10-02T09:20:00,6105.0,1296.0,7401.0,8,EC,2026-09-02T14:49:38.040832+00:00,T+30,akasa_air,airline_direct,BOM-DEL
QP1516,Akasa Air,QP,BOM,DEL,2026-10-02T00:40:00,2026-10-02T08:25:00,4122.0,1608.0,5730.0,8,EC,2026-09-02T14:49:38.040832+00:00,T+30,akasa_air,airline_direct,BOM-DEL
QP1516,Akasa Air,QP,BOM,DEL,2026-10-02T00:40:00,2026-10-02T08:50:00,4122.0,1630.0,5752.0,8,EC,2026-09-02T14:49:38.040832+00:00,T+30,akasa_air,airline_direct,BOM-DEL
QP1516,Akasa Air,QP,BOM,DEL,2026-10-02T00:40:00,2026-10-02T07:00:00,4122.0,1636.0,5758.0,8,EC,2026-09-02T14:49:38.040832+00:00,T+30,akasa_air,airline_direct,BOM-DEL
QP1516,Akasa Air,QP,BOM,DEL,2026-10-02T00:40:00,2026-10-02T07:50:00,4122.0,1636.0,5758.0,8,EC,2026-09-02T14:49:38.040832+00:00,T+30,akasa_air,airline_direct,BOM-DEL
QP1105,Akasa Air,QP,BOM,DEL,2026-10-02T13:25:00,2026-10-02T21:15:00,5254.0,1780.0,7034.0,8,EC,2026-09-02T14:49:38.040832+00:00,T+30,akasa_air,airline_direct,BOM-DEL
QP1153,Akasa Air,QP,BOM,DEL,2026-10-02T09:30:00,2026-10-02T16:00:00,7056.0,1792.0,8848.0,7,EC,2026-09-02T14:49:38.040832+00:00,T+30,akasa_air,airline_direct,BOM-DEL
QP1131,Akasa Air,QP,BOM,DEL,2026-10-02T10:10:00,2026-10-02T19:15:00,10434.0,1886.0,12320.0,8,EC,2026-09-02T14:49:38.040832+00:00,T+30,akasa_air,airline_direct,BOM-DEL
QP1127,Akasa Air,QP,BOM,DEL,2026-10-17T13:00:00,2026-10-17T15:20:00,5985.0,1290.0,7275.0,8,EC,2026-09-02T14:49:42.589715+00:00,T+45,akasa_air,airline_direct,BOM-DEL
QP1834,Akasa Air,QP,BOM,DEL,2026-10-17T10:05:00,2026-10-17T12:25:00,6105.0,1296.0,7401.0,8,EC,2026-09-02T14:49:42.589715+00:00,T+45,akasa_air,airline_direct,BOM-DEL
QP1819,Akasa Air,QP,BOM,DEL,2026-10-17T14:30:00,2026-10-17T16:50:00,6227.0,1302.0,7529.0,8,EC,2026-09-02T14:49:42.589715+00:00,T+45,akasa_air,airline_direct,BOM-DEL
QP1825,Akasa Air,QP,BOM,DEL,2026-10-17T17:00:00,2026-10-17T19:15:00,6227.0,1302.0,7529.0,8,EC,2026-09-02T14:49:42.589715+00:00,T+45,akasa_air,airline_direct,BOM-DEL
QP1120,Akasa Air,QP,BOM,DEL,2026-10-17T19:00:00,2026-10-17T21:15:00,6227.0,1302.0,7529.0,8,EC,2026-09-02T14:49:42.589715+00:00,T+45,akasa_air,airline_direct,BOM-DEL
QP1109,Akasa Air,QP,BOM,DEL,2026-10-17T07:00:00,2026-10-17T09:20:00,6740.0,1328.0,8068.0,8,EC,2026-09-02T14:49:42.589715+00:00,T+45,akasa_air,airline_direct,BOM-DEL
QP1105,Akasa Air,QP,BOM,DEL,2026-10-17T13:25:00,2026-10-17T21:15:00,3087.0,1556.0,4643.0,8,EC,2026-09-02T14:49:42.589715+00:00,T+45,akasa_air,airline_direct,BOM-DEL
QP1518,Akasa Air,QP,BOM,DEL,2026-10-17T21:45:00,2026-10-18T07:00:00,5898.0,1810.0,7708.0,4,EC,2026-09-02T14:49:42.589715+00:00,T+45,akasa_air,airline_direct,BOM-DEL
QP1516,Akasa Air,QP,BOM,DEL,2026-10-17T00:40:00,2026-10-17T07:00:00,4715.0,1878.0,6593.0,3,EC,2026-09-02T14:49:42.589715+00:00,T+45,akasa_air,airline_direct,BOM-DEL
QP1516,Akasa Air,QP,BOM,DEL,2026-10-17T00:40:00,2026-10-17T08:50:00,4715.0,1902.0,6617.0,3,EC,2026-09-02T14:49:42.589715+00:00,T+45,akasa_air,airline_direct,BOM-DEL
QP1516,Akasa Air,QP,BOM,DEL,2026-10-17T00:40:00,2026-10-17T07:50:00,4715.0,1928.0,6643.0,3,EC,2026-09-02T14:49:42.589715+00:00,T+45,akasa_air,airline_direct,BOM-DEL
QP1131,Akasa Air,QP,BOM,DEL,2026-10-17T10:10:00,2026-10-17T19:15:00,18623.0,2516.0,21139.0,8,EC,2026-09-02T14:49:42.589715+00:00,T+45,akasa_air,airline_direct,BOM-DEL
QP1820,Akasa Air,QP,DEL,BLR,2026-09-03T17:30:00,2026-09-03T23:45:00,17489.0,1943.0,19432.0,8,EC,2026-09-02T14:49:47.916705+00:00,T+1,akasa_air,airline_direct,DEL-BLR
QP1128,Akasa Air,QP,DEL,BLR,2026-09-03T16:00:00,2026-09-03T21:45:00,8944.0,1517.0,10461.0,8,EC,2026-09-02T14:49:47.916705+00:00,T+1,akasa_air,airline_direct,DEL-BLR
QP1822,Akasa Air,QP,DEL,BLR,2026-09-03T16:40:00,2026-09-03T19:40:00,9108.0,1473.0,10581.0,12,EC,2026-09-02T14:49:47.916705+00:00,T+1,akasa_air,airline_direct,DEL-BLR
QP1812,Akasa Air,QP,DEL,BLR,2026-09-03T22:55:00,2026-09-04T01:45:00,9108.0,1473.0,10581.0,19,EC,2026-09-02T14:49:47.916705+00:00,T+1,akasa_air,airline_direct,DEL-BLR
QP1308,Akasa Air,QP,DEL,BLR,2026-09-03T20:55:00,2026-09-03T23:50:00,9476.0,1491.0,10967.0,20,EC,2026-09-02T14:49:47.916705+00:00,T+1,akasa_air,airline_direct,DEL-BLR
QP1350,Akasa Air,QP,DEL,BLR,2026-09-03T21:55:00,2026-09-04T00:50:00,9665.0,1501.0,11166.0,20,EC,2026-09-02T14:49:47.916705+00:00,T+1,akasa_air,airline_direct,DEL-BLR
QP1824,Akasa Air,QP,DEL,BLR,2026-09-03T20:10:00,2026-09-03T23:10:00,10463.0,1541.0,12004.0,20,EC,2026-09-02T14:49:47.916705+00:00,T+1,akasa_air,airline_direct,DEL-BLR
QP1836,Akasa Air,QP,DEL,BLR,2026-09-03T12:30:00,2026-09-03T20:20:00,11358.0,1637.0,12995.0,8,EC,2026-09-02T14:49:47.916705+00:00,T+1,akasa_air,airline_direct,DEL-BLR
QP1809,Akasa Air,QP,DEL,BLR,2026-09-03T18:10:00,2026-09-03T23:55:00,7869.0,1683.0,9552.0,15,EC,2026-09-02T14:49:47.916705+00:00,T+1,akasa_air,airline_direct,DEL-BLR
QP1128,Akasa Air,QP,DEL,BLR,2026-09-03T16:00:00,2026-09-03T23:45:00,5640.0,1879.0,7519.0,8,EC,2026-09-02T14:49:47.916705+00:00,T+1,akasa_air,airline_direct,DEL-BLR
QP1826,Akasa Air,QP,DEL,BLR,2026-09-03T19:55:00,2026-09-04T02:35:00,13123.0,2047.0,15170.0,8,EC,2026-09-02T14:49:47.916705+00:00,T+1,akasa_air,airline_direct,DEL-BLR
QP1308,Akasa Air,QP,DEL,BLR,2026-09-09T20:55:00,2026-09-09T23:50:00,7774.0,1405.0,9179.0,19,EC,2026-09-02T14:49:52.796274+00:00,T+7,akasa_air,airline_direct,DEL-BLR
QP1350,Akasa Air,QP,DEL,BLR,2026-09-09T21:55:00,2026-09-10T00:50:00,7774.0,1405.0,9179.0,20,EC,2026-09-02T14:49:52.796274+00:00,T+7,akasa_air,airline_direct,DEL-BLR
QP1912,Akasa Air,QP,DEL,BLR,2026-09-09T14:55:00,2026-09-09T17:55:00,8087.0,1421.0,9508.0,10,EC,2026-09-02T14:49:52.796274+00:00,T+7,akasa_air,airline_direct,DEL-BLR
QP1822,Akasa Air,QP,DEL,BLR,2026-09-09T16:40:00,2026-09-09T19:40:00,8087.0,1421.0,9508.0,20,EC,2026-09-02T14:49:52.796274+00:00,T+7,akasa_air,airline_direct,DEL-BLR
QP1824,Akasa Air,QP,DEL,BLR,2026-09-09T20:10:00,2026-09-09T23:10:00,8087.0,1421.0,9508.0,20,EC,2026-09-02T14:49:52.796274+00:00,T+7,akasa_air,airline_direct,DEL-BLR
QP1820,Akasa Air,QP,DEL,BLR,2026-09-09T17:30:00,2026-09-10T01:05:00,8944.0,1517.0,10461.0,16,EC,2026-09-02T14:49:52.796274+00:00,T+7,akasa_air,airline_direct,DEL-BLR
QP1820,Akasa Air,QP,DEL,BLR,2026-09-09T17:30:00,2026-09-10T01:10:00,8944.0,1517.0,10461.0,20,EC,2026-09-02T14:49:52.796274+00:00,T+7,akasa_air,airline_direct,DEL-BLR
QP1809,Akasa Air,QP,DEL,BLR,2026-09-09T18:10:00,2026-09-09T23:55:00,6207.0,1557.0,7764.0,10,EC,2026-09-02T14:49:52.796274+00:00,T+7,akasa_air,airline_direct,DEL-BLR
QP1826,Akasa Air,QP,DEL,BLR,2026-09-09T19:55:00,2026-09-10T02:35:00,7013.0,1625.0,8638.0,20,EC,2026-09-02T14:49:52.796274+00:00,T+7,akasa_air,airline_direct,DEL-BLR
QP1820,Akasa Air,QP,DEL,BLR,2026-09-09T17:30:00,2026-09-09T23:45:00,11358.0,1637.0,12995.0,8,EC,2026-09-02T14:49:52.796274+00:00,T+7,akasa_air,airline_direct,DEL-BLR
QP1128,Akasa Air,QP,DEL,BLR,2026-09-09T16:00:00,2026-09-09T21:45:00,5640.0,1773.0,7413.0,8,EC,2026-09-02T14:49:52.796274+00:00,T+7,akasa_air,airline_direct,DEL-BLR
QP1308,Akasa Air,QP,DEL,BLR,2026-09-17T20:55:00,2026-09-17T23:50:00,7774.0,1405.0,9179.0,19,EC,2026-09-02T14:49:57.263021+00:00,T+15,akasa_air,airline_direct,DEL-BLR
QP1350,Akasa Air,QP,DEL,BLR,2026-09-17T21:55:00,2026-09-18T00:50:00,7774.0,1405.0,9179.0,20,EC,2026-09-02T14:49:57.263021+00:00,T+15,akasa_air,airline_direct,DEL-BLR
QP1812,Akasa Air,QP,DEL,BLR,2026-09-17T22:55:00,2026-09-18T01:45:00,7774.0,1405.0,9179.0,18,EC,2026-09-02T14:49:57.263021+00:00,T+15,akasa_air,airline_direct,DEL-BLR
QP1824,Akasa Air,QP,DEL,BLR,2026-09-17T20:10:00,2026-09-17T23:10:00,8087.0,1421.0,9508.0,20,EC,2026-09-02T14:49:57.263021+00:00,T+15,akasa_air,airline_direct,DEL-BLR
QP1826,Akasa Air,QP,DEL,BLR,2026-09-17T19:55:00,2026-09-18T02:35:00,8944.0,1517.0,10461.0,17,EC,2026-09-02T14:49:57.263021+00:00,T+15,akasa_air,airline_direct,DEL-BLR
QP1809,Akasa Air,QP,DEL,BLR,2026-09-17T18:10:00,2026-09-17T23:55:00,6207.0,1557.0,7764.0,7,EC,2026-09-02T14:49:57.263021+00:00,T+15,akasa_air,airline_direct,DEL-BLR
QP1836,Akasa Air,QP,DEL,BLR,2026-09-17T12:30:00,2026-09-17T20:20:00,11747.0,1657.0,13404.0,8,EC,2026-09-02T14:49:57.263021+00:00,T+15,akasa_air,airline_direct,DEL-BLR
QP1128,Akasa Air,QP,DEL,BLR,2026-09-17T16:00:00,2026-09-17T21:45:00,5640.0,1719.0,7359.0,8,EC,2026-09-02T14:49:57.263021+00:00,T+15,akasa_air,airline_direct,DEL-BLR
QP1128,Akasa Air,QP,DEL,BLR,2026-09-17T16:00:00,2026-09-17T23:45:00,5640.0,1719.0,7359.0,8,EC,2026-09-02T14:49:57.263021+00:00,T+15,akasa_air,airline_direct,DEL-BLR
QP1820,Akasa Air,QP,DEL,BLR,2026-09-17T17:30:00,2026-09-17T23:45:00,5640.0,1719.0,7359.0,8,EC,2026-09-02T14:49:57.263021+00:00,T+15,akasa_air,airline_direct,DEL-BLR
QP1574,Akasa Air,QP,DEL,BLR,2026-10-02T14:10:00,2026-10-02T17:05:00,7774.0,1405.0,9179.0,8,EC,2026-09-02T14:50:01.697000+00:00,T+30,akasa_air,airline_direct,DEL-BLR
QP1822,Akasa Air,QP,DEL,BLR,2026-10-02T16:40:00,2026-10-02T19:40:00,7774.0,1405.0,9179.0,8,EC,2026-09-02T14:50:01.697000+00:00,T+30,akasa_air,airline_direct,DEL-BLR
QP1824,Akasa Air,QP,DEL,BLR,2026-10-02T20:50:00,2026-10-02T23:50:00,7774.0,1405.0,9179.0,8,EC,2026-09-02T14:50:01.697000+00:00,T+30,akasa_air,airline_direct,DEL-BLR
QP1350,Akasa Air,QP,DEL,BLR,2026-10-02T21:55:00,2026-10-03T00:45:00,7774.0,1405.0,9179.0,8,EC,2026-09-02T14:50:01.697000+00:00,T+30,akasa_air,airline_direct,DEL-BLR
QP1812,Akasa Air,QP,DEL,BLR,2026-10-02T22:55:00,2026-10-03T02:05:00,7774.0,1405.0,9179.0,8,EC,2026-09-02T14:50:01.697000+00:00,T+30,akasa_air,airline_direct,DEL-BLR
QP1128,Akasa Air,QP,DEL,BLR,2026-10-02T16:00:00,2026-10-02T21:45:00,8944.0,1517.0,10461.0,8,EC,2026-09-02T14:50:01.697000+00:00,T+30,akasa_air,airline_direct,DEL-BLR
QP1128,Akasa Air,QP,DEL,BLR,2026-10-02T16:00:00,2026-10-02T23:35:00,8944.0,1517.0,10461.0,8,EC,2026-09-02T14:50:01.697000+00:00,T+30,akasa_air,airline_direct,DEL-BLR
QP1820,Akasa Air,QP,DEL,BLR,2026-10-02T17:30:00,2026-10-02T23:35:00,8944.0,1517.0,10461.0,8,EC,2026-09-02T14:50:01.697000+00:00,T+30,akasa_air,airline_direct,DEL-BLR
QP1820,Akasa Air,QP,DEL,BLR,2026-10-02T17:30:00,2026-10-03T02:35:00,8944.0,1517.0,10461.0,8,EC,2026-09-02T14:50:01.697000+00:00,T+30,akasa_air,airline_direct,DEL-BLR
QP1826,Akasa Air,QP,DEL,BLR,2026-10-02T19:55:00,2026-10-03T02:35:00,8944.0,1517.0,10461.0,8,EC,2026-09-02T14:50:01.697000+00:00,T+30,akasa_air,airline_direct,DEL-BLR
QP1809,Akasa Air,QP,DEL,BLR,2026-10-02T18:10:00,2026-10-02T23:55:00,6207.0,1551.0,7758.0,8,EC,2026-09-02T14:50:01.697000+00:00,T+30,akasa_air,airline_direct,DEL-BLR
QP1405,Akasa Air,QP,DEL,BLR,2026-10-02T09:00:00,2026-10-02T15:35:00,10259.0,1581.0,11840.0,8,EC,2026-09-02T14:50:01.697000+00:00,T+30,akasa_air,airline_direct,DEL-BLR
QP1608,Akasa Air,QP,DEL,BLR,2026-10-02T15:00:00,2026-10-02T23:55:00,6989.0,1589.0,8578.0,7,EC,2026-09-02T14:50:01.697000+00:00,T+30,akasa_air,airline_direct,DEL-BLR
QP1350,Akasa Air,QP,DEL,BLR,2026-10-17T21:55:00,2026-10-18T00:45:00,9476.0,1491.0,10967.0,8,EC,2026-09-02T14:50:06.502489+00:00,T+45,akasa_air,airline_direct,DEL-BLR
QP1822,Akasa Air,QP,DEL,BLR,2026-10-17T16:40:00,2026-10-17T19:40:00,9859.0,1509.0,11368.0,8,EC,2026-09-02T14:50:06.502489+00:00,T+45,akasa_air,airline_direct,DEL-BLR
QP1812,Akasa Air,QP,DEL,BLR,2026-10-17T22:55:00,2026-10-18T02:05:00,9859.0,1509.0,11368.0,8,EC,2026-09-02T14:50:06.502489+00:00,T+45,akasa_air,airline_direct,DEL-BLR
QP1128,Akasa Air,QP,DEL,BLR,2026-10-17T16:00:00,2026-10-18T02:35:00,9915.0,1565.0,11480.0,4,EC,2026-09-02T14:50:06.502489+00:00,T+45,akasa_air,airline_direct,DEL-BLR
QP1820,Akasa Air,QP,DEL,BLR,2026-10-17T17:30:00,2026-10-18T02:35:00,10259.0,1581.0,11840.0,6,EC,2026-09-02T14:50:06.502489+00:00,T+45,akasa_air,airline_direct,DEL-BLR
QP1824,Akasa Air,QP,DEL,BLR,2026-10-17T20:50:00,2026-10-17T23:50:00,10463.0,1541.0,12004.0,8,EC,2026-09-02T14:50:06.502489+00:00,T+45,akasa_air,airline_direct,DEL-BLR
QP1826,Akasa Air,QP,DEL,BLR,2026-10-17T19:55:00,2026-10-18T02:35:00,10614.0,1599.0,12213.0,6,EC,2026-09-02T14:50:06.502489+00:00,T+45,akasa_air,airline_direct,DEL-BLR
QP1128,Akasa Air,QP,DEL,BLR,2026-10-17T16:00:00,2026-10-17T21:45:00,10980.0,1619.0,12599.0,4,EC,2026-09-02T14:50:06.502489+00:00,T+45,akasa_air,airline_direct,DEL-BLR
QP1128,Akasa Air,QP,DEL,BLR,2026-10-17T16:00:00,2026-10-17T23:35:00,11358.0,1637.0,12995.0,4,EC,2026-09-02T14:50:06.502489+00:00,T+45,akasa_air,airline_direct,DEL-BLR
QP1820,Akasa Air,QP,DEL,BLR,2026-10-17T17:30:00,2026-10-17T23:35:00,11358.0,1637.0,12995.0,4,EC,2026-09-02T14:50:06.502489+00:00,T+45,akasa_air,airline_direct,DEL-BLR
QP1809,Akasa Air,QP,DEL,BLR,2026-10-17T18:10:00,2026-10-17T23:55:00,7271.0,1653.0,8924.0,8,EC,2026-09-02T14:50:06.502489+00:00,T+45,akasa_air,airline_direct,DEL-BLR
QP1608,Akasa Air,QP,DEL,BLR,2026-10-17T15:00:00,2026-10-17T23:55:00,9219.0,1751.0,10970.0,8,EC,2026-09-02T14:50:06.502489+00:00,T+45,akasa_air,airline_direct,DEL-BLR
QP1811,Akasa Air,QP,BLR,DEL,2026-09-03T04:10:00,2026-09-03T07:00:00,7217.0,1497.0,8714.0,18,EC,2026-09-02T14:50:11.822945+00:00,T+1,akasa_air,airline_direct,BLR-DEL
QP1359,Akasa Air,QP,BLR,DEL,2026-09-03T05:00:00,2026-09-03T07:50:00,7217.0,1497.0,8714.0,18,EC,2026-09-02T14:50:11.822945+00:00,T+1,akasa_air,airline_direct,BLR-DEL
QP1821,Akasa Air,QP,BLR,DEL,2026-09-03T13:10:00,2026-09-03T16:00:00,7350.0,1505.0,8855.0,20,EC,2026-09-02T14:50:11.822945+00:00,T+1,akasa_air,airline_direct,BLR-DEL
QP1307,Akasa Air,QP,BLR,DEL,2026-09-03T17:20:00,2026-09-03T20:15:00,7622.0,1519.0,9141.0,9,EC,2026-09-02T14:50:11.822945+00:00,T+1,akasa_air,airline_direct,BLR-DEL
QP1823,Akasa Air,QP,BLR,DEL,2026-09-03T06:05:00,2026-09-03T08:50:00,8583.0,1567.0,10150.0,14,EC,2026-09-02T14:50:11.822945+00:00,T+1,akasa_air,airline_direct,BLR-DEL
QP1325,Akasa Air,QP,BLR,DEL,2026-09-03T14:30:00,2026-09-03T23:40:00,3723.0,1673.0,5396.0,10,EC,2026-09-02T14:50:11.822945+00:00,T+1,akasa_air,airline_direct,BLR-DEL
QP1315,Akasa Air,QP,BLR,DEL,2026-09-03T15:20:00,2026-09-03T23:40:00,3884.0,1681.0,5565.0,10,EC,2026-09-02T14:50:11.822945+00:00,T+1,akasa_air,airline_direct,BLR-DEL
QP1313,Akasa Air,QP,BLR,DEL,2026-09-03T10:10:00,2026-09-03T16:25:00,6455.0,1811.0,8266.0,14,EC,2026-09-02T14:50:11.822945+00:00,T+1,akasa_air,airline_direct,BLR-DEL
QP1811,Akasa Air,QP,BLR,DEL,2026-09-09T04:10:00,2026-09-09T07:00:00,7217.0,1497.0,8714.0,20,EC,2026-09-02T14:50:16.886115+00:00,T+7,akasa_air,airline_direct,BLR-DEL
QP1359,Akasa Air,QP,BLR,DEL,2026-09-09T05:00:00,2026-09-09T07:50:00,7217.0,1497.0,8714.0,20,EC,2026-09-02T14:50:16.886115+00:00,T+7,akasa_air,airline_direct,BLR-DEL
QP1823,Akasa Air,QP,BLR,DEL,2026-09-09T06:05:00,2026-09-09T08:50:00,7217.0,1497.0,8714.0,20,EC,2026-09-02T14:50:16.886115+00:00,T+7,akasa_air,airline_direct,BLR-DEL
QP1821,Akasa Air,QP,BLR,DEL,2026-09-09T13:10:00,2026-09-09T16:00:00,7217.0,1497.0,8714.0,20,EC,2026-09-02T14:50:16.886115+00:00,T+7,akasa_air,airline_direct,BLR-DEL
QP1307,Akasa Air,QP,BLR,DEL,2026-09-09T17:20:00,2026-09-09T20:15:00,7217.0,1497.0,8714.0,15,EC,2026-09-02T14:50:16.886115+00:00,T+7,akasa_air,airline_direct,BLR-DEL
QP1315,Akasa Air,QP,BLR,DEL,2026-09-09T15:20:00,2026-09-09T23:40:00,3723.0,1673.0,5396.0,10,EC,2026-09-02T14:50:16.886115+00:00,T+7,akasa_air,airline_direct,BLR-DEL
QP1325,Akasa Air,QP,BLR,DEL,2026-09-09T14:30:00,2026-09-09T23:40:00,3884.0,1681.0,5565.0,10,EC,2026-09-02T14:50:16.886115+00:00,T+7,akasa_air,airline_direct,BLR-DEL
QP1313,Akasa Air,QP,BLR,DEL,2026-09-09T10:10:00,2026-09-09T16:25:00,5224.0,1749.0,6973.0,10,EC,2026-09-02T14:50:16.886115+00:00,T+7,akasa_air,airline_direct,BLR-DEL
QP1811,Akasa Air,QP,BLR,DEL,2026-09-17T04:10:00,2026-09-17T07:00:00,7350.0,1505.0,8855.0,20,EC,2026-09-02T14:50:22.080949+00:00,T+15,akasa_air,airline_direct,BLR-DEL
QP1359,Akasa Air,QP,BLR,DEL,2026-09-17T05:00:00,2026-09-17T07:50:00,7350.0,1505.0,8855.0,16,EC,2026-09-02T14:50:22.080949+00:00,T+15,akasa_air,airline_direct,BLR-DEL
QP1307,Akasa Air,QP,BLR,DEL,2026-09-17T17:20:00,2026-09-17T20:15:00,7622.0,1519.0,9141.0,20,EC,2026-09-02T14:50:22.080949+00:00,T+15,akasa_air,airline_direct,BLR-DEL
QP1823,Akasa Air,QP,BLR,DEL,2026-09-17T06:05:00,2026-09-17T08:50:00,8583.0,1567.0,10150.0,18,EC,2026-09-02T14:50:22.080949+00:00,T+15,akasa_air,airline_direct,BLR-DEL
QP1315,Akasa Air,QP,BLR,DEL,2026-09-17T15:20:00,2026-09-17T23:40:00,3723.0,1673.0,5396.0,9,EC,2026-09-02T14:50:22.080949+00:00,T+15,akasa_air,airline_direct,BLR-DEL
QP1325,Akasa Air,QP,BLR,DEL,2026-09-17T14:30:00,2026-09-17T23:40:00,3884.0,1681.0,5565.0,9,EC,2026-09-02T14:50:22.080949+00:00,T+15,akasa_air,airline_direct,BLR-DEL
QP1313,Akasa Air,QP,BLR,DEL,2026-09-17T10:10:00,2026-09-17T16:25:00,4601.0,1717.0,6318.0,9,EC,2026-09-02T14:50:22.080949+00:00,T+15,akasa_air,airline_direct,BLR-DEL
QP1571,Akasa Air,QP,BLR,DEL,2026-10-02T05:30:00,2026-10-02T08:25:00,7217.0,1497.0,8714.0,8,EC,2026-09-02T14:50:26.666120+00:00,T+30,akasa_air,airline_direct,BLR-DEL
QP1823,Akasa Air,QP,BLR,DEL,2026-10-02T06:05:00,2026-10-02T08:50:00,7622.0,1519.0,9141.0,8,EC,2026-09-02T14:50:26.666120+00:00,T+30,akasa_air,airline_direct,BLR-DEL
QP1811,Akasa Air,QP,BLR,DEL,2026-10-02T03:55:00,2026-10-02T07:00:00,7774.0,1525.0,9299.0,8,EC,2026-09-02T14:50:26.666120+00:00,T+30,akasa_air,airline_direct,BLR-DEL
QP1359,Akasa Air,QP,BLR,DEL,2026-10-02T05:00:00,2026-10-02T07:50:00,7774.0,1525.0,9299.0,8,EC,2026-09-02T14:50:26.666120+00:00,T+30,akasa_air,airline_direct,BLR-DEL
QP1821,Akasa Air,QP,BLR,DEL,2026-10-02T13:05:00,2026-10-02T16:00:00,7929.0,1533.0,9462.0,7,EC,2026-09-02T14:50:26.666120+00:00,T+30,akasa_air,airline_direct,BLR-DEL
QP1315,Akasa Air,QP,BLR,DEL,2026-10-02T15:15:00,2026-10-02T23:40:00,3421.0,1671.0,5092.0,8,EC,2026-09-02T14:50:26.666120+00:00,T+30,akasa_air,airline_direct,BLR-DEL
QP1315,Akasa Air,QP,BLR,DEL,2026-10-17T15:15:00,2026-10-17T23:40:00,3421.0,1723.0,5144.0,8,EC,2026-09-02T14:50:31.462676+00:00,T+45,akasa_air,airline_direct,BLR-DEL
QP1811,Akasa Air,QP,BLR,DEL,2026-10-17T03:55:00,2026-10-17T07:00:00,12018.0,1737.0,13755.0,8,EC,2026-09-02T14:50:31.462676+00:00,T+45,akasa_air,airline_direct,BLR-DEL
QP1823,Akasa Air,QP,BLR,DEL,2026-10-17T06:05:00,2026-10-17T08:50:00,12504.0,1763.0,14267.0,8,EC,2026-09-02T14:50:31.462676+00:00,T+45,akasa_air,airline_direct,BLR-DEL
QP1821,Akasa Air,QP,BLR,DEL,2026-10-17T13:05:00,2026-10-17T16:00:00,12753.0,1775.0,14528.0,8,EC,2026-09-02T14:50:31.462676+00:00,T+45,akasa_air,airline_direct,BLR-DEL
QP1359,Akasa Air,QP,BLR,DEL,2026-10-17T05:00:00,2026-10-17T07:50:00,13008.0,1787.0,14795.0,8,EC,2026-09-02T14:50:31.462676+00:00,T+45,akasa_air,airline_direct,BLR-DEL
QP1133,Akasa Air,QP,BOM,BLR,2026-09-03T19:40:00,2026-09-03T21:45:00,4311.0,1288.0,5599.0,8,EC,2026-09-02T14:50:37.138633+00:00,T+1,akasa_air,airline_direct,BOM-BLR
QP1382,Akasa Air,QP,BOM,BLR,2026-09-03T18:20:00,2026-09-03T20:20:00,5898.0,1366.0,7264.0,8,EC,2026-09-02T14:50:37.138633+00:00,T+1,akasa_air,airline_direct,BOM-BLR
QP1516,Akasa Air,QP,BOM,BLR,2026-09-03T00:40:00,2026-09-03T02:35:00,6451.0,1394.0,7845.0,8,EC,2026-09-02T14:50:37.138633+00:00,T+1,akasa_air,airline_direct,BOM-BLR
QP1149,Akasa Air,QP,BOM,BLR,2026-09-03T05:30:00,2026-09-03T07:25:00,7717.0,1458.0,9175.0,2,EC,2026-09-02T14:50:37.138633+00:00,T+1,akasa_air,airline_direct,BOM-BLR
QP1518,Akasa Air,QP,BOM,BLR,2026-09-03T21:45:00,2026-09-03T23:45:00,10559.0,1600.0,12159.0,8,EC,2026-09-02T14:50:37.138633+00:00,T+1,akasa_air,airline_direct,BOM-BLR
QP1527,Akasa Air,QP,BOM,BLR,2026-09-03T07:35:00,2026-09-03T09:35:00,13814.0,1762.0,15576.0,2,EC,2026-09-02T14:50:37.138633+00:00,T+1,akasa_air,airline_direct,BOM-BLR
QP1427,Akasa Air,QP,BOM,BLR,2026-09-03T13:25:00,2026-09-03T21:35:00,6469.0,1838.0,8307.0,8,EC,2026-09-02T14:50:37.138633+00:00,T+1,akasa_air,airline_direct,BOM-BLR
QP1835,Akasa Air,QP,BOM,BLR,2026-09-03T11:50:00,2026-09-03T19:40:00,5640.0,1862.0,7502.0,12,EC,2026-09-02T14:50:37.138633+00:00,T+1,akasa_air,airline_direct,BOM-BLR
QP1127,Akasa Air,QP,BOM,BLR,2026-09-03T13:00:00,2026-09-03T19:40:00,5640.0,1862.0,7502.0,12,EC,2026-09-02T14:50:37.138633+00:00,T+1,akasa_air,airline_direct,BOM-BLR
QP1825,Akasa Air,QP,BOM,BLR,2026-09-03T16:50:00,2026-09-04T01:45:00,5640.0,1862.0,7502.0,20,EC,2026-09-02T14:50:37.138633+00:00,T+1,akasa_air,airline_direct,BOM-BLR
QP1825,Akasa Air,QP,BOM,BLR,2026-09-03T16:50:00,2026-09-03T23:50:00,5640.0,1880.0,7520.0,20,EC,2026-09-02T14:50:37.138633+00:00,T+1,akasa_air,airline_direct,BOM-BLR
QP1825,Akasa Air,QP,BOM,BLR,2026-09-03T16:50:00,2026-09-04T00:50:00,5640.0,1890.0,7530.0,20,EC,2026-09-02T14:50:37.138633+00:00,T+1,akasa_air,airline_direct,BOM-BLR
QP1819,Akasa Air,QP,BOM,BLR,2026-09-03T14:30:00,2026-09-03T23:10:00,5640.0,1930.0,7570.0,18,EC,2026-09-02T14:50:37.138633+00:00,T+1,akasa_air,airline_direct,BOM-BLR
QP1120,Akasa Air,QP,BOM,BLR,2026-09-03T18:45:00,2026-09-04T01:45:00,7897.0,1974.0,9871.0,20,EC,2026-09-02T14:50:37.138633+00:00,T+1,akasa_air,airline_direct,BOM-BLR
QP1516,Akasa Air,QP,BOM,BLR,2026-09-09T00:40:00,2026-09-09T02:35:00,4122.0,1278.0,5400.0,34,EC,2026-09-02T14:50:42.050532+00:00,T+7,akasa_air,airline_direct,BOM-BLR
QP1149,Akasa Air,QP,BOM,BLR,2026-09-09T05:30:00,2026-09-09T07:25:00,4122.0,1278.0,5400.0,36,EC,2026-09-02T14:50:42.050532+00:00,T+7,akasa_air,airline_direct,BOM-BLR
QP1384,Akasa Air,QP,BOM,BLR,2026-09-09T23:10:00,2026-09-10T01:05:00,4122.0,1278.0,5400.0,16,EC,2026-09-02T14:50:42.050532+00:00,T+7,akasa_air,airline_direct,BOM-BLR
QP1985,Akasa Air,QP,BOM,BLR,2026-09-09T23:20:00,2026-09-10T01:10:00,4122.0,1278.0,5400.0,32,EC,2026-09-02T14:50:42.050532+00:00,T+7,akasa_air,airline_direct,BOM-BLR
QP1129,Akasa Air,QP,BOM,BLR,2026-09-09T08:45:00,2026-09-09T10:40:00,5898.0,1366.0,7264.0,8,EC,2026-09-02T14:50:42.050532+00:00,T+7,akasa_air,airline_direct,BOM-BLR
QP1518,Akasa Air,QP,BOM,BLR,2026-09-09T21:45:00,2026-09-09T23:45:00,5898.0,1366.0,7264.0,8,EC,2026-09-02T14:50:42.050532+00:00,T+7,akasa_air,airline_direct,BOM-BLR
QP1527,Akasa Air,QP,BOM,BLR,2026-09-09T07:35:00,2026-09-09T09:35:00,6169.0,1380.0,7549.0,8,EC,2026-09-02T14:50:42.050532+00:00,T+7,akasa_air,airline_direct,BOM-BLR
QP1382,Akasa Air,QP,BOM,BLR,2026-09-09T18:20:00,2026-09-09T20:20:00,6747.0,1410.0,8157.0,8,EC,2026-09-02T14:50:42.050532+00:00,T+7,akasa_air,airline_direct,BOM-BLR
QP1133,Akasa Air,QP,BOM,BLR,2026-09-09T19:40:00,2026-09-09T21:45:00,8440.0,1494.0,9934.0,8,EC,2026-09-02T14:50:42.050532+00:00,T+7,akasa_air,airline_direct,BOM-BLR
QP1427,Akasa Air,QP,BOM,BLR,2026-09-09T13:25:00,2026-09-09T21:35:00,4269.0,1714.0,5983.0,8,EC,2026-09-02T14:50:42.050532+00:00,T+7,akasa_air,airline_direct,BOM-BLR
QP1819,Akasa Air,QP,BOM,BLR,2026-09-09T14:30:00,2026-09-09T23:50:00,5640.0,1794.0,7434.0,20,EC,2026-09-02T14:50:42.050532+00:00,T+7,akasa_air,airline_direct,BOM-BLR
QP1825,Akasa Air,QP,BOM,BLR,2026-09-09T16:50:00,2026-09-09T23:50:00,5640.0,1794.0,7434.0,20,EC,2026-09-02T14:50:42.050532+00:00,T+7,akasa_air,airline_direct,BOM-BLR
QP1825,Akasa Air,QP,BOM,BLR,2026-09-09T16:50:00,2026-09-10T00:50:00,5640.0,1794.0,7434.0,18,EC,2026-09-02T14:50:42.050532+00:00,T+7,akasa_air,airline_direct,BOM-BLR
QP1834,Akasa Air,QP,BOM,BLR,2026-09-09T10:20:00,2026-09-09T17:55:00,5640.0,1810.0,7450.0,10,EC,2026-09-02T14:50:42.050532+00:00,T+7,akasa_air,airline_direct,BOM-BLR
QP1835,Akasa Air,QP,BOM,BLR,2026-09-09T11:50:00,2026-09-09T19:40:00,5640.0,1810.0,7450.0,20,EC,2026-09-02T14:50:42.050532+00:00,T+7,akasa_air,airline_direct,BOM-BLR
QP1127,Akasa Air,QP,BOM,BLR,2026-09-09T13:00:00,2026-09-09T19:40:00,5640.0,1810.0,7450.0,20,EC,2026-09-02T14:50:42.050532+00:00,T+7,akasa_air,airline_direct,BOM-BLR
QP1819,Akasa Air,QP,BOM,BLR,2026-09-09T14:30:00,2026-09-09T23:10:00,5640.0,1810.0,7450.0,20,EC,2026-09-02T14:50:42.050532+00:00,T+7,akasa_air,airline_direct,BOM-BLR
QP1516,Akasa Air,QP,BOM,BLR,2026-09-17T00:40:00,2026-09-17T02:35:00,4122.0,1278.0,5400.0,35,EC,2026-09-02T14:50:47.180142+00:00,T+15,akasa_air,airline_direct,BOM-BLR
QP1149,Akasa Air,QP,BOM,BLR,2026-09-17T05:30:00,2026-09-17T07:25:00,4122.0,1278.0,5400.0,5,EC,2026-09-02T14:50:47.180142+00:00,T+15,akasa_air,airline_direct,BOM-BLR
QP1382,Akasa Air,QP,BOM,BLR,2026-09-17T18:20:00,2026-09-17T20:20:00,6169.0,1380.0,7549.0,8,EC,2026-09-02T14:50:47.180142+00:00,T+15,akasa_air,airline_direct,BOM-BLR
QP1527,Akasa Air,QP,BOM,BLR,2026-09-17T07:35:00,2026-09-17T09:35:00,6451.0,1394.0,7845.0,12,EC,2026-09-02T14:50:47.180142+00:00,T+15,akasa_air,airline_direct,BOM-BLR
QP1133,Akasa Air,QP,BOM,BLR,2026-09-17T19:40:00,2026-09-17T21:45:00,7379.0,1440.0,8819.0,8,EC,2026-09-02T14:50:47.180142+00:00,T+15,akasa_air,airline_direct,BOM-BLR
QP1518,Akasa Air,QP,BOM,BLR,2026-09-17T21:45:00,2026-09-17T23:45:00,7379.0,1440.0,8819.0,8,EC,2026-09-02T14:50:47.180142+00:00,T+15,akasa_air,airline_direct,BOM-BLR
QP1427,Akasa Air,QP,BOM,BLR,2026-09-17T13:25:00,2026-09-17T21:35:00,4269.0,1640.0,5909.0,7,EC,2026-09-02T14:50:47.180142+00:00,T+15,akasa_air,airline_direct,BOM-BLR
QP1819,Akasa Air,QP,BOM,BLR,2026-09-17T14:30:00,2026-09-17T23:50:00,5640.0,1794.0,7434.0,19,EC,2026-09-02T14:50:47.180142+00:00,T+15,akasa_air,airline_direct,BOM-BLR
QP1825,Akasa Air,QP,BOM,BLR,2026-09-17T16:50:00,2026-09-17T23:50:00,5640.0,1794.0,7434.0,17,EC,2026-09-02T14:50:47.180142+00:00,T+15,akasa_air,airline_direct,BOM-BLR
QP1825,Akasa Air,QP,BOM,BLR,2026-09-17T16:50:00,2026-09-18T00:50:00,5640.0,1794.0,7434.0,17,EC,2026-09-02T14:50:47.180142+00:00,T+15,akasa_air,airline_direct,BOM-BLR
QP1825,Akasa Air,QP,BOM,BLR,2026-09-17T16:50:00,2026-09-18T01:45:00,5640.0,1794.0,7434.0,17,EC,2026-09-02T14:50:47.180142+00:00,T+15,akasa_air,airline_direct,BOM-BLR
QP1120,Akasa Air,QP,BOM,BLR,2026-09-17T18:45:00,2026-09-18T01:45:00,5868.0,1806.0,7674.0,18,EC,2026-09-02T14:50:47.180142+00:00,T+15,akasa_air,airline_direct,BOM-BLR
QP1127,Akasa Air,QP,BOM,BLR,2026-09-17T13:00:00,2026-09-17T23:10:00,5640.0,1810.0,7450.0,20,EC,2026-09-02T14:50:47.180142+00:00,T+15,akasa_air,airline_direct,BOM-BLR
QP1819,Akasa Air,QP,BOM,BLR,2026-09-17T14:30:00,2026-09-17T23:10:00,5640.0,1810.0,7450.0,20,EC,2026-09-02T14:50:47.180142+00:00,T+15,akasa_air,airline_direct,BOM-BLR
QP1516,Akasa Air,QP,BOM,BLR,2026-10-02T00:40:00,2026-10-02T02:35:00,4122.0,1278.0,5400.0,28,EC,2026-09-02T14:50:52.102468+00:00,T+30,akasa_air,airline_direct,BOM-BLR
QP1133,Akasa Air,QP,BOM,BLR,2026-10-02T20:05:00,2026-10-02T21:45:00,4122.0,1278.0,5400.0,47,EC,2026-09-02T14:50:52.102468+00:00,T+30,akasa_air,airline_direct,BOM-BLR
QP1518,Akasa Air,QP,BOM,BLR,2026-10-02T21:45:00,2026-10-02T23:35:00,4122.0,1278.0,5400.0,56,EC,2026-09-02T14:50:52.102468+00:00,T+30,akasa_air,airline_direct,BOM-BLR
QP1153,Akasa Air,QP,BOM,BLR,2026-10-02T09:30:00,2026-10-02T11:25:00,7056.0,1424.0,8480.0,8,EC,2026-09-02T14:50:52.102468+00:00,T+30,akasa_air,airline_direct,BOM-BLR
QP1427,Akasa Air,QP,BOM,BLR,2026-10-02T13:20:00,2026-10-02T20:30:00,5979.0,1736.0,7715.0,7,EC,2026-09-02T14:50:52.102468+00:00,T+30,akasa_air,airline_direct,BOM-BLR
QP1127,Akasa Air,QP,BOM,BLR,2026-10-02T13:00:00,2026-10-02T19:40:00,5640.0,1794.0,7434.0,8,EC,2026-09-02T14:50:52.102468+00:00,T+30,akasa_air,airline_direct,BOM-BLR
QP1825,Akasa Air,QP,BOM,BLR,2026-10-02T17:00:00,2026-10-02T23:50:00,5640.0,1794.0,7434.0,8,EC,2026-09-02T14:50:52.102468+00:00,T+30,akasa_air,airline_direct,BOM-BLR
QP1825,Akasa Air,QP,BOM,BLR,2026-10-02T17:00:00,2026-10-03T00:45:00,5640.0,1794.0,7434.0,8,EC,2026-09-02T14:50:52.102468+00:00,T+30,akasa_air,airline_direct,BOM-BLR
QP1825,Akasa Air,QP,BOM,BLR,2026-10-02T17:00:00,2026-10-03T02:05:00,5640.0,1794.0,7434.0,8,EC,2026-09-02T14:50:52.102468+00:00,T+30,akasa_air,airline_direct,BOM-BLR
QP1120,Akasa Air,QP,BOM,BLR,2026-10-02T19:00:00,2026-10-03T02:05:00,5640.0,1794.0,7434.0,8,EC,2026-09-02T14:50:52.102468+00:00,T+30,akasa_air,airline_direct,BOM-BLR
QP1834,Akasa Air,QP,BOM,BLR,2026-10-02T10:25:00,2026-10-02T17:05:00,5985.0,1812.0,7797.0,8,EC,2026-09-02T14:50:52.102468+00:00,T+30,akasa_air,airline_direct,BOM-BLR
QP1834,Akasa Air,QP,BOM,BLR,2026-10-02T10:25:00,2026-10-02T19:40:00,5985.0,1812.0,7797.0,8,EC,2026-09-02T14:50:52.102468+00:00,T+30,akasa_air,airline_direct,BOM-BLR
QP1516,Akasa Air,QP,BOM,BLR,2026-10-17T00:40:00,2026-10-17T02:35:00,4715.0,1308.0,6023.0,3,EC,2026-09-02T14:50:56.502303+00:00,T+45,akasa_air,airline_direct,BOM-BLR
QP1133,Akasa Air,QP,BOM,BLR,2026-10-17T20:05:00,2026-10-17T21:45:00,5640.0,1354.0,6994.0,4,EC,2026-09-02T14:50:56.502303+00:00,T+45,akasa_air,airline_direct,BOM-BLR
QP1518,Akasa Air,QP,BOM,BLR,2026-10-17T21:45:00,2026-10-17T23:35:00,5898.0,1366.0,7264.0,4,EC,2026-09-02T14:50:56.502303+00:00,T+45,akasa_air,airline_direct,BOM-BLR
QP1427,Akasa Air,QP,BOM,BLR,2026-10-17T13:20:00,2026-10-17T20:30:00,5745.0,1800.0,7545.0,8,EC,2026-09-02T14:50:56.502303+00:00,T+45,akasa_air,airline_direct,BOM-BLR
QP1825,Akasa Air,QP,BOM,BLR,2026-10-17T17:00:00,2026-10-18T00:45:00,6227.0,1910.0,8137.0,8,EC,2026-09-02T14:50:56.502303+00:00,T+45,akasa_air,airline_direct,BOM-BLR
QP1127,Akasa Air,QP,BOM,BLR,2026-10-17T13:00:00,2026-10-17T19:40:00,5985.0,1916.0,7901.0,8,EC,2026-09-02T14:50:56.502303+00:00,T+45,akasa_air,airline_direct,BOM-BLR
QP1834,Akasa Air,QP,BOM,BLR,2026-10-17T10:05:00,2026-10-17T19:40:00,6105.0,1922.0,8027.0,8,EC,2026-09-02T14:50:56.502303+00:00,T+45,akasa_air,airline_direct,BOM-BLR
QP1825,Akasa Air,QP,BOM,BLR,2026-10-17T17:00:00,2026-10-18T02:05:00,6227.0,1928.0,8155.0,8,EC,2026-09-02T14:50:56.502303+00:00,T+45,akasa_air,airline_direct,BOM-BLR
QP1120,Akasa Air,QP,BOM,BLR,2026-10-17T19:00:00,2026-10-18T02:05:00,6227.0,1928.0,8155.0,8,EC,2026-09-02T14:50:56.502303+00:00,T+45,akasa_air,airline_direct,BOM-BLR
QP1819,Akasa Air,QP,BOM,BLR,2026-10-17T14:30:00,2026-10-17T23:50:00,6227.0,1958.0,8185.0,8,EC,2026-09-02T14:50:56.502303+00:00,T+45,akasa_air,airline_direct,BOM-BLR
QP1825,Akasa Air,QP,BOM,BLR,2026-10-17T17:00:00,2026-10-17T23:50:00,6227.0,1958.0,8185.0,8,EC,2026-09-02T14:50:56.502303+00:00,T+45,akasa_air,airline_direct,BOM-BLR
QP1515,Akasa Air,QP,BLR,BOM,2026-09-03T06:20:00,2026-09-03T08:00:00,4931.0,1406.0,6337.0,6,EC,2026-09-02T14:51:01.074654+00:00,T+1,akasa_air,airline_direct,BLR-BOM
QP1517,Akasa Air,QP,BLR,BOM,2026-09-03T07:40:00,2026-09-03T09:20:00,4931.0,1406.0,6337.0,8,EC,2026-09-02T14:51:01.074654+00:00,T+1,akasa_air,airline_direct,BLR-BOM
QP1528,Akasa Air,QP,BLR,BOM,2026-09-03T10:20:00,2026-09-03T12:10:00,5640.0,1442.0,7082.0,8,EC,2026-09-02T14:51:01.074654+00:00,T+1,akasa_air,airline_direct,BLR-BOM
QP1381,Akasa Air,QP,BLR,BOM,2026-09-03T04:50:00,2026-09-03T06:45:00,5898.0,1454.0,7352.0,6,EC,2026-09-02T14:51:01.074654+00:00,T+1,akasa_air,airline_direct,BLR-BOM
QP1383,Akasa Air,QP,BLR,BOM,2026-09-03T05:25:00,2026-09-03T07:10:00,5898.0,1454.0,7352.0,5,EC,2026-09-02T14:51:01.074654+00:00,T+1,akasa_air,airline_direct,BLR-BOM
QP1150,Akasa Air,QP,BLR,BOM,2026-09-03T16:05:00,2026-09-03T18:05:00,7379.0,1528.0,8907.0,8,EC,2026-09-02T14:51:01.074654+00:00,T+1,akasa_air,airline_direct,BLR-BOM
QP1134,Akasa Air,QP,BLR,BOM,2026-09-03T22:55:00,2026-09-04T00:45:00,9231.0,1622.0,10853.0,8,EC,2026-09-02T14:51:01.074654+00:00,T+1,akasa_air,airline_direct,BLR-BOM
QP1986,Akasa Air,QP,BLR,BOM,2026-09-03T17:45:00,2026-09-03T19:40:00,10559.0,1688.0,12247.0,8,EC,2026-09-02T14:51:01.074654+00:00,T+1,akasa_air,airline_direct,BLR-BOM
QP1811,Akasa Air,QP,BLR,BOM,2026-09-03T04:10:00,2026-09-03T10:55:00,7217.0,1854.0,9071.0,18,EC,2026-09-02T14:51:01.074654+00:00,T+1,akasa_air,airline_direct,BLR-BOM
QP1811,Akasa Air,QP,BLR,BOM,2026-09-03T04:10:00,2026-09-03T11:40:00,7217.0,1854.0,9071.0,18,EC,2026-09-02T14:51:01.074654+00:00,T+1,akasa_air,airline_direct,BLR-BOM
QP1811,Akasa Air,QP,BLR,BOM,2026-09-03T04:10:00,2026-09-03T12:45:00,7217.0,1854.0,9071.0,18,EC,2026-09-02T14:51:01.074654+00:00,T+1,akasa_air,airline_direct,BLR-BOM
QP1359,Akasa Air,QP,BLR,BOM,2026-09-03T05:00:00,2026-09-03T11:40:00,7217.0,1854.0,9071.0,19,EC,2026-09-02T14:51:01.074654+00:00,T+1,akasa_air,airline_direct,BLR-BOM
QP1359,Akasa Air,QP,BLR,BOM,2026-09-03T05:00:00,2026-09-03T12:45:00,7217.0,1854.0,9071.0,19,EC,2026-09-02T14:51:01.074654+00:00,T+1,akasa_air,airline_direct,BLR-BOM
QP1823,Akasa Air,QP,BLR,BOM,2026-09-03T06:05:00,2026-09-03T12:45:00,8583.0,1924.0,10507.0,14,EC,2026-09-02T14:51:01.074654+00:00,T+1,akasa_air,airline_direct,BLR-BOM
QP1823,Akasa Air,QP,BLR,BOM,2026-09-03T06:05:00,2026-09-03T14:55:00,8583.0,1924.0,10507.0,14,EC,2026-09-02T14:51:01.074654+00:00,T+1,akasa_air,airline_direct,BLR-BOM
QP1821,Akasa Air,QP,BLR,BOM,2026-09-03T13:10:00,2026-09-03T19:45:00,7350.0,1930.0,9280.0,13,EC,2026-09-02T14:51:01.074654+00:00,T+1,akasa_air,airline_direct,BLR-BOM
QP1381,Akasa Air,QP,BLR,BOM,2026-09-09T04:50:00,2026-09-09T06:45:00,4508.0,1386.0,5894.0,8,EC,2026-09-02T14:51:05.667781+00:00,T+7,akasa_air,airline_direct,BLR-BOM
QP1150,Akasa Air,QP,BLR,BOM,2026-09-09T16:05:00,2026-09-09T18:05:00,5393.0,1430.0,6823.0,8,EC,2026-09-02T14:51:05.667781+00:00,T+7,akasa_air,airline_direct,BLR-BOM
QP1130,Akasa Air,QP,BLR,BOM,2026-09-09T11:20:00,2026-09-09T13:10:00,5640.0,1442.0,7082.0,8,EC,2026-09-02T14:51:05.667781+00:00,T+7,akasa_air,airline_direct,BLR-BOM
QP1134,Akasa Air,QP,BLR,BOM,2026-09-09T22:55:00,2026-09-10T00:45:00,5640.0,1442.0,7082.0,8,EC,2026-09-02T14:51:05.667781+00:00,T+7,akasa_air,airline_direct,BLR-BOM
QP1528,Akasa Air,QP,BLR,BOM,2026-09-09T10:20:00,2026-09-09T12:10:00,7379.0,1528.0,8907.0,8,EC,2026-09-02T14:51:05.667781+00:00,T+7,akasa_air,airline_direct,BLR-BOM
QP1515,Akasa Air,QP,BLR,BOM,2026-09-09T06:20:00,2026-09-09T08:00:00,12630.0,1792.0,14422.0,8,EC,2026-09-02T14:51:05.667781+00:00,T+7,akasa_air,airline_direct,BLR-BOM
QP1811,Akasa Air,QP,BLR,BOM,2026-09-09T04:10:00,2026-09-09T10:55:00,7217.0,1854.0,9071.0,20,EC,2026-09-02T14:51:05.667781+00:00,T+7,akasa_air,airline_direct,BLR-BOM
QP1811,Akasa Air,QP,BLR,BOM,2026-09-09T04:10:00,2026-09-09T11:40:00,7217.0,1854.0,9071.0,20,EC,2026-09-02T14:51:05.667781+00:00,T+7,akasa_air,airline_direct,BLR-BOM
QP1811,Akasa Air,QP,BLR,BOM,2026-09-09T04:10:00,2026-09-09T12:45:00,7217.0,1854.0,9071.0,19,EC,2026-09-02T14:51:05.667781+00:00,T+7,akasa_air,airline_direct,BLR-BOM
QP1359,Akasa Air,QP,BLR,BOM,2026-09-09T05:00:00,2026-09-09T11:40:00,7217.0,1854.0,9071.0,20,EC,2026-09-02T14:51:05.667781+00:00,T+7,akasa_air,airline_direct,BLR-BOM
QP1359,Akasa Air,QP,BLR,BOM,2026-09-09T05:00:00,2026-09-09T12:45:00,7217.0,1854.0,9071.0,19,EC,2026-09-02T14:51:05.667781+00:00,T+7,akasa_air,airline_direct,BLR-BOM
QP1823,Akasa Air,QP,BLR,BOM,2026-09-09T06:05:00,2026-09-09T12:45:00,7217.0,1854.0,9071.0,19,EC,2026-09-02T14:51:05.667781+00:00,T+7,akasa_air,airline_direct,BLR-BOM
QP1823,Akasa Air,QP,BLR,BOM,2026-09-09T06:05:00,2026-09-09T14:55:00,7217.0,1854.0,9071.0,20,EC,2026-09-02T14:51:05.667781+00:00,T+7,akasa_air,airline_direct,BLR-BOM
QP1821,Akasa Air,QP,BLR,BOM,2026-09-09T13:10:00,2026-09-09T19:45:00,7217.0,1854.0,9071.0,20,EC,2026-09-02T14:51:05.667781+00:00,T+7,akasa_air,airline_direct,BLR-BOM
QP1517,Akasa Air,QP,BLR,BOM,2026-09-09T07:40:00,2026-09-09T09:25:00,14446.0,1882.0,16328.0,8,EC,2026-09-02T14:51:05.667781+00:00,T+7,akasa_air,airline_direct,BLR-BOM
QP1383,Akasa Air,QP,BLR,BOM,2026-09-17T05:25:00,2026-09-17T07:10:00,4508.0,1386.0,5894.0,8,EC,2026-09-02T14:51:10.771027+00:00,T+15,akasa_air,airline_direct,BLR-BOM
QP1381,Akasa Air,QP,BLR,BOM,2026-09-17T04:50:00,2026-09-17T06:45:00,4931.0,1406.0,6337.0,8,EC,2026-09-02T14:51:10.771027+00:00,T+15,akasa_air,airline_direct,BLR-BOM
QP1986,Akasa Air,QP,BLR,BOM,2026-09-17T17:45:00,2026-09-17T19:40:00,5640.0,1442.0,7082.0,7,EC,2026-09-02T14:51:10.771027+00:00,T+15,akasa_air,airline_direct,BLR-BOM
QP1528,Akasa Air,QP,BLR,BOM,2026-09-17T10:20:00,2026-09-17T12:10:00,5898.0,1454.0,7352.0,8,EC,2026-09-02T14:51:10.771027+00:00,T+15,akasa_air,airline_direct,BLR-BOM
QP1150,Akasa Air,QP,BLR,BOM,2026-09-17T16:05:00,2026-09-17T18:05:00,5898.0,1454.0,7352.0,8,EC,2026-09-02T14:51:10.771027+00:00,T+15,akasa_air,airline_direct,BLR-BOM
QP1515,Akasa Air,QP,BLR,BOM,2026-09-17T06:20:00,2026-09-17T08:00:00,6169.0,1468.0,7637.0,8,EC,2026-09-02T14:51:10.771027+00:00,T+15,akasa_air,airline_direct,BLR-BOM
QP1517,Akasa Air,QP,BLR,BOM,2026-09-17T07:40:00,2026-09-17T09:20:00,6747.0,1498.0,8245.0,8,EC,2026-09-02T14:51:10.771027+00:00,T+15,akasa_air,airline_direct,BLR-BOM
QP1134,Akasa Air,QP,BLR,BOM,2026-09-17T22:55:00,2026-09-18T00:45:00,6747.0,1498.0,8245.0,8,EC,2026-09-02T14:51:10.771027+00:00,T+15,akasa_air,airline_direct,BLR-BOM
QP1811,Akasa Air,QP,BLR,BOM,2026-09-17T04:10:00,2026-09-17T10:55:00,7350.0,1862.0,9212.0,19,EC,2026-09-02T14:51:10.771027+00:00,T+15,akasa_air,airline_direct,BLR-BOM
QP1811,Akasa Air,QP,BLR,BOM,2026-09-17T04:10:00,2026-09-17T11:40:00,7350.0,1862.0,9212.0,20,EC,2026-09-02T14:51:10.771027+00:00,T+15,akasa_air,airline_direct,BLR-BOM
QP1811,Akasa Air,QP,BLR,BOM,2026-09-17T04:10:00,2026-09-17T12:45:00,7350.0,1862.0,9212.0,20,EC,2026-09-02T14:51:10.771027+00:00,T+15,akasa_air,airline_direct,BLR-BOM
QP1359,Akasa Air,QP,BLR,BOM,2026-09-17T05:00:00,2026-09-17T11:40:00,7350.0,1862.0,9212.0,16,EC,2026-09-02T14:51:10.771027+00:00,T+15,akasa_air,airline_direct,BLR-BOM
QP1359,Akasa Air,QP,BLR,BOM,2026-09-17T05:00:00,2026-09-17T12:45:00,7350.0,1862.0,9212.0,16,EC,2026-09-02T14:51:10.771027+00:00,T+15,akasa_air,airline_direct,BLR-BOM
QP1359,Akasa Air,QP,BLR,BOM,2026-09-17T05:00:00,2026-09-17T14:55:00,7350.0,1862.0,9212.0,16,EC,2026-09-02T14:51:10.771027+00:00,T+15,akasa_air,airline_direct,BLR-BOM
QP1823,Akasa Air,QP,BLR,BOM,2026-09-17T06:05:00,2026-09-17T12:45:00,8583.0,1924.0,10507.0,18,EC,2026-09-02T14:51:10.771027+00:00,T+15,akasa_air,airline_direct,BLR-BOM
QP1823,Akasa Air,QP,BLR,BOM,2026-09-17T06:05:00,2026-09-17T14:55:00,8583.0,1924.0,10507.0,17,EC,2026-09-02T14:51:10.771027+00:00,T+15,akasa_air,airline_direct,BLR-BOM
QP1134,Akasa Air,QP,BLR,BOM,2026-10-02T22:55:00,2026-10-03T00:45:00,4508.0,1386.0,5894.0,22,EC,2026-09-02T14:51:16.000684+00:00,T+30,akasa_air,airline_direct,BLR-BOM
QP1154,Akasa Air,QP,BLR,BOM,2026-10-02T12:05:00,2026-10-02T13:55:00,5640.0,1442.0,7082.0,8,EC,2026-09-02T14:51:16.000684+00:00,T+30,akasa_air,airline_direct,BLR-BOM
QP1515,Akasa Air,QP,BLR,BOM,2026-10-02T06:00:00,2026-10-02T07:35:00,6451.0,1482.0,7933.0,8,EC,2026-09-02T14:51:16.000684+00:00,T+30,akasa_air,airline_direct,BLR-BOM
QP1517,Akasa Air,QP,BLR,BOM,2026-10-02T05:00:00,2026-10-02T06:50:00,7056.0,1512.0,8568.0,8,EC,2026-09-02T14:51:16.000684+00:00,T+30,akasa_air,airline_direct,BLR-BOM
QP1421,Akasa Air,QP,BLR,BOM,2026-10-02T07:25:00,2026-10-02T18:40:00,7791.0,1830.0,9621.0,8,EC,2026-09-02T14:51:16.000684+00:00,T+30,akasa_air,airline_direct,BLR-BOM
QP1571,Akasa Air,QP,BLR,BOM,2026-10-02T05:30:00,2026-10-02T12:20:00,7217.0,1854.0,9071.0,8,EC,2026-09-02T14:51:16.000684+00:00,T+30,akasa_air,airline_direct,BLR-BOM
QP1823,Akasa Air,QP,BLR,BOM,2026-10-02T06:05:00,2026-10-02T18:20:00,7622.0,1876.0,9498.0,8,EC,2026-09-02T14:51:16.000684+00:00,T+30,akasa_air,airline_direct,BLR-BOM
QP1811,Akasa Air,QP,BLR,BOM,2026-10-02T03:55:00,2026-10-02T11:05:00,7774.0,1882.0,9656.0,8,EC,2026-09-02T14:51:16.000684+00:00,T+30,akasa_air,airline_direct,BLR-BOM
QP1811,Akasa Air,QP,BLR,BOM,2026-10-02T03:55:00,2026-10-02T12:20:00,7774.0,1882.0,9656.0,8,EC,2026-09-02T14:51:16.000684+00:00,T+30,akasa_air,airline_direct,BLR-BOM
QP1359,Akasa Air,QP,BLR,BOM,2026-10-02T05:00:00,2026-10-02T12:20:00,7774.0,1882.0,9656.0,8,EC,2026-09-02T14:51:16.000684+00:00,T+30,akasa_air,airline_direct,BLR-BOM
QP1821,Akasa Air,QP,BLR,BOM,2026-10-02T13:05:00,2026-10-02T19:50:00,7929.0,1890.0,9819.0,7,EC,2026-09-02T14:51:16.000684+00:00,T+30,akasa_air,airline_direct,BLR-BOM
QP1821,Akasa Air,QP,BLR,BOM,2026-10-02T13:05:00,2026-10-02T22:20:00,7929.0,1890.0,9819.0,7,EC,2026-09-02T14:51:16.000684+00:00,T+30,akasa_air,airline_direct,BLR-BOM
QP1515,Akasa Air,QP,BLR,BOM,2026-10-17T06:00:00,2026-10-17T07:35:00,6169.0,1468.0,7637.0,4,EC,2026-09-02T14:51:21.038844+00:00,T+45,akasa_air,airline_direct,BLR-BOM
QP1517,Akasa Air,QP,BLR,BOM,2026-10-17T05:00:00,2026-10-17T06:50:00,6451.0,1482.0,7933.0,4,EC,2026-09-02T14:51:21.038844+00:00,T+45,akasa_air,airline_direct,BLR-BOM
QP1134,Akasa Air,QP,BLR,BOM,2026-10-17T22:55:00,2026-10-18T00:45:00,9231.0,1622.0,10853.0,4,EC,2026-09-02T14:51:21.038844+00:00,T+45,akasa_air,airline_direct,BLR-BOM
QP1421,Akasa Air,QP,BLR,BOM,2026-10-17T07:25:00,2026-10-17T18:40:00,10419.0,1998.0,12417.0,7,EC,2026-09-02T14:51:21.038844+00:00,T+45,akasa_air,airline_direct,BLR-BOM
QP1523,Akasa Air,QP,BLR,BOM,2026-10-17T09:45:00,2026-10-17T18:40:00,10419.0,1998.0,12417.0,8,EC,2026-09-02T14:51:21.038844+00:00,T+45,akasa_air,airline_direct,BLR-BOM
QP1811,Akasa Air,QP,BLR,BOM,2026-10-17T03:55:00,2026-10-17T11:05:00,12018.0,2124.0,14142.0,8,EC,2026-09-02T14:51:21.038844+00:00,T+45,akasa_air,airline_direct,BLR-BOM
QP1811,Akasa Air,QP,BLR,BOM,2026-10-17T03:55:00,2026-10-17T12:20:00,12018.0,2124.0,14142.0,8,EC,2026-09-02T14:51:21.038844+00:00,T+45,akasa_air,airline_direct,BLR-BOM
QP1823,Akasa Air,QP,BLR,BOM,2026-10-17T06:05:00,2026-10-17T18:20:00,12504.0,2136.0,14640.0,8,EC,2026-09-02T14:51:21.038844+00:00,T+45,akasa_air,airline_direct,BLR-BOM
QP1821,Akasa Air,QP,BLR,BOM,2026-10-17T13:05:00,2026-10-17T19:50:00,12753.0,2154.0,14907.0,8,EC,2026-09-02T14:51:21.038844+00:00,T+45,akasa_air,airline_direct,BLR-BOM
QP1821,Akasa Air,QP,BLR,BOM,2026-10-17T13:05:00,2026-10-17T22:20:00,12753.0,2162.0,14915.0,8,EC,2026-09-02T14:51:21.038844+00:00,T+45,akasa_air,airline_direct,BLR-BOM
QP1359,Akasa Air,QP,BLR,BOM,2026-10-17T05:00:00,2026-10-17T12:20:00,13008.0,2174.0,15182.0,8,EC,2026-09-02T14:51:21.038844+00:00,T+45,akasa_air,airline_direct,BLR-BOM
QP1128,Akasa Air,QP,DEL,CCU,2026-09-03T16:00:00,2026-09-03T23:50:00,6970.0,1269.0,8239.0,19,EC,2026-09-02T14:51:25.275868+00:00,T+1,akasa_air,airline_direct,DEL-CCU
QP1801,Akasa Air,QP,DEL,CCU,2026-09-03T05:55:00,2026-09-03T08:15:00,7012.0,1219.0,8231.0,13,EC,2026-09-02T14:51:25.275868+00:00,T+1,akasa_air,airline_direct,DEL-CCU
QP1803,Akasa Air,QP,DEL,CCU,2026-09-03T17:05:00,2026-09-03T19:25:00,7617.0,1249.0,8866.0,3,EC,2026-09-02T14:51:25.275868+00:00,T+1,akasa_air,airline_direct,DEL-CCU
QP1836,Akasa Air,QP,DEL,CCU,2026-09-03T12:30:00,2026-09-03T22:20:00,7670.0,1305.0,8975.0,3,EC,2026-09-02T14:51:25.275868+00:00,T+1,akasa_air,airline_direct,DEL-CCU
QP1820,Akasa Air,QP,DEL,CCU,2026-09-03T17:30:00,2026-09-04T03:25:00,11656.0,1503.0,13159.0,13,EC,2026-09-02T14:51:25.275868+00:00,T+1,akasa_air,airline_direct,DEL-CCU
QP1350,Akasa Air,QP,DEL,CCU,2026-09-03T21:55:00,2026-09-04T08:50:00,11656.0,1503.0,13159.0,1,EC,2026-09-02T14:51:25.275868+00:00,T+1,akasa_air,airline_direct,DEL-CCU
QP1812,Akasa Air,QP,DEL,CCU,2026-09-03T22:55:00,2026-09-04T08:50:00,11656.0,1503.0,13159.0,1,EC,2026-09-02T14:51:25.275868+00:00,T+1,akasa_air,airline_direct,DEL-CCU
QP1826,Akasa Air,QP,DEL,CCU,2026-09-03T19:55:00,2026-09-04T03:25:00,13123.0,1911.0,15034.0,13,EC,2026-09-02T14:51:25.275868+00:00,T+1,akasa_air,airline_direct,DEL-CCU
QP1801,Akasa Air,QP,DEL,CCU,2026-09-09T05:55:00,2026-09-09T08:15:00,6728.0,1205.0,7933.0,8,EC,2026-09-02T14:51:29.997422+00:00,T+7,akasa_air,airline_direct,DEL-CCU
QP1820,Akasa Air,QP,DEL,CCU,2026-09-09T17:30:00,2026-09-10T03:25:00,6970.0,1269.0,8239.0,10,EC,2026-09-02T14:51:29.997422+00:00,T+7,akasa_air,airline_direct,DEL-CCU
QP1803,Akasa Air,QP,DEL,CCU,2026-09-09T17:05:00,2026-09-09T19:25:00,7012.0,1219.0,8231.0,8,EC,2026-09-02T14:51:29.997422+00:00,T+7,akasa_air,airline_direct,DEL-CCU
QP1836,Akasa Air,QP,DEL,CCU,2026-09-09T12:30:00,2026-09-09T23:50:00,7670.0,1305.0,8975.0,7,EC,2026-09-02T14:51:29.997422+00:00,T+7,akasa_air,airline_direct,DEL-CCU
QP1128,Akasa Air,QP,DEL,CCU,2026-09-09T16:00:00,2026-09-09T23:50:00,7670.0,1305.0,8975.0,7,EC,2026-09-02T14:51:29.997422+00:00,T+7,akasa_air,airline_direct,DEL-CCU
QP1836,Akasa Air,QP,DEL,CCU,2026-09-09T12:30:00,2026-09-09T22:20:00,8432.0,1343.0,9775.0,10,EC,2026-09-02T14:51:29.997422+00:00,T+7,akasa_air,airline_direct,DEL-CCU
QP1350,Akasa Air,QP,DEL,CCU,2026-09-09T21:55:00,2026-09-10T08:50:00,9259.0,1383.0,10642.0,7,EC,2026-09-02T14:51:29.997422+00:00,T+7,akasa_air,airline_direct,DEL-CCU
QP1826,Akasa Air,QP,DEL,CCU,2026-09-09T19:55:00,2026-09-10T03:25:00,11656.0,1503.0,13159.0,20,EC,2026-09-02T14:51:29.997422+00:00,T+7,akasa_air,airline_direct,DEL-CCU
QP1801,Akasa Air,QP,DEL,CCU,2026-09-17T05:55:00,2026-09-17T08:15:00,6728.0,1205.0,7933.0,8,EC,2026-09-02T14:51:34.431335+00:00,T+15,akasa_air,airline_direct,DEL-CCU
QP1803,Akasa Air,QP,DEL,CCU,2026-09-17T17:05:00,2026-09-17T19:25:00,6728.0,1205.0,7933.0,11,EC,2026-09-02T14:51:34.431335+00:00,T+15,akasa_air,airline_direct,DEL-CCU
QP1820,Akasa Air,QP,DEL,CCU,2026-09-17T17:30:00,2026-09-18T03:25:00,6970.0,1269.0,8239.0,10,EC,2026-09-02T14:51:34.431335+00:00,T+15,akasa_air,airline_direct,DEL-CCU
QP1826,Akasa Air,QP,DEL,CCU,2026-09-17T19:55:00,2026-09-18T03:25:00,6970.0,1269.0,8239.0,10,EC,2026-09-02T14:51:34.431335+00:00,T+15,akasa_air,airline_direct,DEL-CCU
QP1836,Akasa Air,QP,DEL,CCU,2026-09-17T12:30:00,2026-09-17T22:20:00,7670.0,1305.0,8975.0,8,EC,2026-09-02T14:51:34.431335+00:00,T+15,akasa_air,airline_direct,DEL-CCU
QP1128,Akasa Air,QP,DEL,CCU,2026-09-17T16:00:00,2026-09-17T23:50:00,7670.0,1305.0,8975.0,8,EC,2026-09-02T14:51:34.431335+00:00,T+15,akasa_air,airline_direct,DEL-CCU
QP1350,Akasa Air,QP,DEL,CCU,2026-09-17T21:55:00,2026-09-18T08:50:00,9259.0,1383.0,10642.0,6,EC,2026-09-02T14:51:34.431335+00:00,T+15,akasa_air,airline_direct,DEL-CCU
QP1812,Akasa Air,QP,DEL,CCU,2026-09-17T22:55:00,2026-09-18T08:50:00,9259.0,1383.0,10642.0,6,EC,2026-09-02T14:51:34.431335+00:00,T+15,akasa_air,airline_direct,DEL-CCU
QP1110,Akasa Air,QP,DEL,CCU,2026-10-02T10:00:00,2026-10-02T20:10:00,14610.0,1651.0,16261.0,8,EC,2026-09-02T14:51:39.466534+00:00,T+30,akasa_air,airline_direct,DEL-CCU
QP1803,Akasa Air,QP,DEL,CCU,2026-10-02T17:00:00,2026-10-02T19:15:00,8625.0,1301.0,9926.0,8,EC,2026-09-02T14:51:39.466534+00:00,T+30,akasa_air,airline_direct,DEL-CCU
QP1801,Akasa Air,QP,DEL,CCU,2026-10-02T05:55:00,2026-10-02T08:15:00,9369.0,1337.0,10706.0,8,EC,2026-09-02T14:51:39.466534+00:00,T+30,akasa_air,airline_direct,DEL-CCU
QP1574,Akasa Air,QP,DEL,CCU,2026-10-02T14:10:00,2026-10-02T22:25:00,9699.0,1405.0,11104.0,8,EC,2026-09-02T14:51:39.466534+00:00,T+30,akasa_air,airline_direct,DEL-CCU
QP1574,Akasa Air,QP,DEL,CCU,2026-10-02T14:10:00,2026-10-02T23:35:00,9699.0,1405.0,11104.0,8,EC,2026-09-02T14:51:39.466534+00:00,T+30,akasa_air,airline_direct,DEL-CCU
QP1822,Akasa Air,QP,DEL,CCU,2026-10-02T16:40:00,2026-10-02T23:35:00,9699.0,1405.0,11104.0,8,EC,2026-09-02T14:51:39.466534+00:00,T+30,akasa_air,airline_direct,DEL-CCU
QP1128,Akasa Air,QP,DEL,CCU,2026-10-02T16:00:00,2026-10-02T23:30:00,5640.0,1671.0,7311.0,8,EC,2026-09-02T14:51:39.466534+00:00,T+30,akasa_air,airline_direct,DEL-CCU
QP1128,Akasa Air,QP,DEL,CCU,2026-10-02T16:00:00,2026-10-03T03:20:00,5640.0,1719.0,7359.0,8,EC,2026-09-02T14:51:39.466534+00:00,T+30,akasa_air,airline_direct,DEL-CCU
QP1820,Akasa Air,QP,DEL,CCU,2026-10-02T17:30:00,2026-10-03T03:20:00,5640.0,1719.0,7359.0,8,EC,2026-09-02T14:51:39.466534+00:00,T+30,akasa_air,airline_direct,DEL-CCU
QP1826,Akasa Air,QP,DEL,CCU,2026-10-02T19:55:00,2026-10-03T03:20:00,5640.0,1719.0,7359.0,8,EC,2026-09-02T14:51:39.466534+00:00,T+30,akasa_air,airline_direct,DEL-CCU
QP1803,Akasa Air,QP,DEL,CCU,2026-10-17T17:00:00,2026-10-17T19:15:00,13048.0,1521.0,14569.0,8,EC,2026-09-02T14:51:44.470426+00:00,T+45,akasa_air,airline_direct,DEL-CCU
QP1801,Akasa Air,QP,DEL,CCU,2026-10-17T05:55:00,2026-10-17T08:15:00,13600.0,1549.0,15149.0,8,EC,2026-09-02T14:51:44.470426+00:00,T+45,akasa_air,airline_direct,DEL-CCU
QP1350,Akasa Air,QP,DEL,CCU,2026-10-17T21:55:00,2026-10-18T08:50:00,19071.0,1875.0,20946.0,7,EC,2026-09-02T14:51:44.470426+00:00,T+45,akasa_air,airline_direct,DEL-CCU
QP1812,Akasa Air,QP,DEL,CCU,2026-10-17T22:55:00,2026-10-18T08:50:00,19071.0,1875.0,20946.0,7,EC,2026-09-02T14:51:44.470426+00:00,T+45,akasa_air,airline_direct,DEL-CCU
QP1128,Akasa Air,QP,DEL,CCU,2026-10-17T16:00:00,2026-10-18T03:20:00,5985.0,1975.0,7960.0,8,EC,2026-09-02T14:51:44.470426+00:00,T+45,akasa_air,airline_direct,DEL-CCU
QP1820,Akasa Air,QP,DEL,CCU,2026-10-17T17:30:00,2026-10-18T03:20:00,6105.0,1981.0,8086.0,8,EC,2026-09-02T14:51:44.470426+00:00,T+45,akasa_air,airline_direct,DEL-CCU
QP1826,Akasa Air,QP,DEL,CCU,2026-10-17T19:55:00,2026-10-18T03:20:00,6227.0,1987.0,8214.0,8,EC,2026-09-02T14:51:44.470426+00:00,T+45,akasa_air,airline_direct,DEL-CCU
QP1128,Akasa Air,QP,DEL,CCU,2026-10-17T16:00:00,2026-10-17T23:30:00,5985.0,2081.0,8066.0,8,EC,2026-09-02T14:51:44.470426+00:00,T+45,akasa_air,airline_direct,DEL-CCU
QP1110,Akasa Air,QP,DEL,CCU,2026-10-17T10:00:00,2026-10-17T20:10:00,6227.0,2093.0,8320.0,8,EC,2026-09-02T14:51:44.470426+00:00,T+45,akasa_air,airline_direct,DEL-CCU
QP1822,Akasa Air,QP,DEL,CCU,2026-10-17T16:40:00,2026-10-17T23:35:00,9859.0,2129.0,11988.0,8,EC,2026-09-02T14:51:44.470426+00:00,T+45,akasa_air,airline_direct,DEL-CCU
QP1802,Akasa Air,QP,CCU,DEL,2026-09-03T09:05:00,2026-09-03T11:25:00,7617.0,1808.0,9425.0,11,EC,2026-09-02T14:51:49.299660+00:00,T+1,akasa_air,airline_direct,CCU-DEL
QP1804,Akasa Air,QP,CCU,DEL,2026-09-03T20:05:00,2026-09-03T22:25:00,7939.0,1824.0,9763.0,5,EC,2026-09-02T14:51:49.299660+00:00,T+1,akasa_air,airline_direct,CCU-DEL
QP1126,Akasa Air,QP,CCU,DEL,2026-09-03T23:00:00,2026-09-04T07:40:00,8837.0,1922.0,10759.0,1,EC,2026-09-02T14:51:49.299660+00:00,T+1,akasa_air,airline_direct,CCU-DEL
QP1126,Akasa Air,QP,CCU,DEL,2026-09-03T23:00:00,2026-09-04T09:20:00,8837.0,1922.0,10759.0,1,EC,2026-09-02T14:51:49.299660+00:00,T+1,akasa_air,airline_direct,CCU-DEL
QP1136,Akasa Air,QP,CCU,DEL,2026-09-03T05:10:00,2026-09-03T12:45:00,10158.0,1988.0,12146.0,1,EC,2026-09-02T14:51:49.299660+00:00,T+1,akasa_air,airline_direct,CCU-DEL
QP1136,Akasa Air,QP,CCU,DEL,2026-09-03T05:10:00,2026-09-03T14:20:00,10158.0,1988.0,12146.0,1,EC,2026-09-02T14:51:49.299660+00:00,T+1,akasa_air,airline_direct,CCU-DEL
QP1136,Akasa Air,QP,CCU,DEL,2026-09-03T05:10:00,2026-09-03T15:20:00,10158.0,1988.0,12146.0,1,EC,2026-09-02T14:51:49.299660+00:00,T+1,akasa_air,airline_direct,CCU-DEL
QP1564,Akasa Air,QP,CCU,DEL,2026-09-03T20:25:00,2026-09-04T07:00:00,10326.0,2358.0,12684.0,2,EC,2026-09-02T14:51:49.299660+00:00,T+1,akasa_air,airline_direct,CCU-DEL
QP1564,Akasa Air,QP,CCU,DEL,2026-09-03T20:25:00,2026-09-04T07:50:00,10326.0,2358.0,12684.0,2,EC,2026-09-02T14:51:49.299660+00:00,T+1,akasa_air,airline_direct,CCU-DEL
QP1804,Akasa Air,QP,CCU,DEL,2026-09-09T20:05:00,2026-09-09T22:25:00,6728.0,1764.0,8492.0,7,EC,2026-09-02T14:51:53.836006+00:00,T+7,akasa_air,airline_direct,CCU-DEL
QP1126,Akasa Air,QP,CCU,DEL,2026-09-09T23:00:00,2026-09-10T07:40:00,6970.0,1828.0,8798.0,15,EC,2026-09-02T14:51:53.836006+00:00,T+7,akasa_air,airline_direct,CCU-DEL
QP1802,Akasa Air,QP,CCU,DEL,2026-09-09T09:05:00,2026-09-09T11:25:00,7012.0,1778.0,8790.0,7,EC,2026-09-02T14:51:53.836006+00:00,T+7,akasa_air,airline_direct,CCU-DEL
QP1136,Akasa Air,QP,CCU,DEL,2026-09-09T05:10:00,2026-09-09T12:45:00,7313.0,1846.0,9159.0,15,EC,2026-09-02T14:51:53.836006+00:00,T+7,akasa_air,airline_direct,CCU-DEL
QP1136,Akasa Air,QP,CCU,DEL,2026-09-09T05:10:00,2026-09-09T14:20:00,7313.0,1846.0,9159.0,15,EC,2026-09-02T14:51:53.836006+00:00,T+7,akasa_air,airline_direct,CCU-DEL
QP1136,Akasa Air,QP,CCU,DEL,2026-09-09T05:10:00,2026-09-09T15:20:00,7313.0,1846.0,9159.0,15,EC,2026-09-02T14:51:53.836006+00:00,T+7,akasa_air,airline_direct,CCU-DEL
QP1126,Akasa Air,QP,CCU,DEL,2026-09-09T23:00:00,2026-09-10T09:20:00,7670.0,1864.0,9534.0,20,EC,2026-09-02T14:51:53.836006+00:00,T+7,akasa_air,airline_direct,CCU-DEL
QP1564,Akasa Air,QP,CCU,DEL,2026-09-09T20:25:00,2026-09-10T07:00:00,15278.0,2244.0,17522.0,8,EC,2026-09-02T14:51:53.836006+00:00,T+7,akasa_air,airline_direct,CCU-DEL
QP1564,Akasa Air,QP,CCU,DEL,2026-09-09T20:25:00,2026-09-10T07:50:00,15278.0,2244.0,17522.0,8,EC,2026-09-02T14:51:53.836006+00:00,T+7,akasa_air,airline_direct,CCU-DEL
QP1804,Akasa Air,QP,CCU,DEL,2026-09-17T20:05:00,2026-09-17T22:25:00,6455.0,1750.0,8205.0,6,EC,2026-09-02T14:51:58.627057+00:00,T+15,akasa_air,airline_direct,CCU-DEL
QP1802,Akasa Air,QP,CCU,DEL,2026-09-17T09:05:00,2026-09-17T11:25:00,6728.0,1764.0,8492.0,6,EC,2026-09-02T14:51:58.627057+00:00,T+15,akasa_air,airline_direct,CCU-DEL
QP1136,Akasa Air,QP,CCU,DEL,2026-09-17T05:10:00,2026-09-17T12:45:00,7670.0,1864.0,9534.0,5,EC,2026-09-02T14:51:58.627057+00:00,T+15,akasa_air,airline_direct,CCU-DEL
QP1136,Akasa Air,QP,CCU,DEL,2026-09-17T05:10:00,2026-09-17T14:20:00,7670.0,1864.0,9534.0,5,EC,2026-09-02T14:51:58.627057+00:00,T+15,akasa_air,airline_direct,CCU-DEL
QP1136,Akasa Air,QP,CCU,DEL,2026-09-17T05:10:00,2026-09-17T15:20:00,7670.0,1864.0,9534.0,5,EC,2026-09-02T14:51:58.627057+00:00,T+15,akasa_air,airline_direct,CCU-DEL
QP1126,Akasa Air,QP,CCU,DEL,2026-09-17T23:00:00,2026-09-18T07:40:00,7670.0,1864.0,9534.0,7,EC,2026-09-02T14:51:58.627057+00:00,T+15,akasa_air,airline_direct,CCU-DEL
QP1126,Akasa Air,QP,CCU,DEL,2026-09-17T23:00:00,2026-09-18T09:20:00,7670.0,1864.0,9534.0,7,EC,2026-09-02T14:51:58.627057+00:00,T+15,akasa_air,airline_direct,CCU-DEL
QP1564,Akasa Air,QP,CCU,DEL,2026-09-17T20:25:00,2026-09-18T07:00:00,8432.0,1902.0,10334.0,8,EC,2026-09-02T14:51:58.627057+00:00,T+15,akasa_air,airline_direct,CCU-DEL
QP1564,Akasa Air,QP,CCU,DEL,2026-09-17T20:25:00,2026-09-18T07:50:00,8432.0,1902.0,10334.0,8,EC,2026-09-02T14:51:58.627057+00:00,T+15,akasa_air,airline_direct,CCU-DEL
QP1804,Akasa Air,QP,CCU,DEL,2026-10-02T19:55:00,2026-10-02T22:25:00,7308.0,1794.0,9102.0,8,EC,2026-09-02T14:52:03.366245+00:00,T+30,akasa_air,airline_direct,CCU-DEL
QP1263,Akasa Air,QP,CCU,DEL,2026-10-02T06:00:00,2026-10-02T16:00:00,7313.0,1846.0,9159.0,8,EC,2026-09-02T14:52:03.366245+00:00,T+30,akasa_air,airline_direct,CCU-DEL
QP1564,Akasa Air,QP,CCU,DEL,2026-10-02T20:25:00,2026-10-03T07:00:00,7670.0,1864.0,9534.0,8,EC,2026-09-02T14:52:03.366245+00:00,T+30,akasa_air,airline_direct,CCU-DEL
QP1136,Akasa Air,QP,CCU,DEL,2026-10-02T05:00:00,2026-10-02T12:45:00,8043.0,1882.0,9925.0,8,EC,2026-09-02T14:52:03.366245+00:00,T+30,akasa_air,airline_direct,CCU-DEL
QP1136,Akasa Air,QP,CCU,DEL,2026-10-02T05:00:00,2026-10-02T15:20:00,8043.0,1882.0,9925.0,8,EC,2026-09-02T14:52:03.366245+00:00,T+30,akasa_air,airline_direct,CCU-DEL
QP1251,Akasa Air,QP,CCU,DEL,2026-10-02T06:00:00,2026-10-02T12:45:00,8043.0,1882.0,9925.0,8,EC,2026-09-02T14:52:03.366245+00:00,T+30,akasa_air,airline_direct,CCU-DEL
QP1251,Akasa Air,QP,CCU,DEL,2026-10-02T06:00:00,2026-10-02T15:20:00,8043.0,1882.0,9925.0,8,EC,2026-09-02T14:52:03.366245+00:00,T+30,akasa_air,airline_direct,CCU-DEL
QP1251,Akasa Air,QP,CCU,DEL,2026-10-02T06:00:00,2026-10-02T16:50:00,8043.0,1882.0,9925.0,8,EC,2026-09-02T14:52:03.366245+00:00,T+30,akasa_air,airline_direct,CCU-DEL
QP1802,Akasa Air,QP,CCU,DEL,2026-10-02T09:05:00,2026-10-02T11:25:00,8275.0,1842.0,10117.0,8,EC,2026-09-02T14:52:03.366245+00:00,T+30,akasa_air,airline_direct,CCU-DEL
QP1126,Akasa Air,QP,CCU,DEL,2026-10-02T23:00:00,2026-10-03T09:20:00,12199.0,2090.0,14289.0,8,EC,2026-09-02T14:52:03.366245+00:00,T+30,akasa_air,airline_direct,CCU-DEL
QP1564,Akasa Air,QP,CCU,DEL,2026-10-17T20:25:00,2026-10-18T07:00:00,17458.0,2352.0,19810.0,8,EC,2026-09-02T14:52:07.569929+00:00,T+45,akasa_air,airline_direct,CCU-DEL
QP1804,Akasa Air,QP,CCU,DEL,2026-10-17T19:55:00,2026-10-17T22:25:00,13048.0,2080.0,15128.0,8,EC,2026-09-02T14:52:07.569929+00:00,T+45,akasa_air,airline_direct,CCU-DEL
QP1251,Akasa Air,QP,CCU,DEL,2026-10-17T06:00:00,2026-10-17T15:20:00,12096.0,2384.0,14480.0,8,EC,2026-09-02T14:52:07.569929+00:00,T+45,akasa_air,airline_direct,CCU-DEL
QP1802,Akasa Air,QP,CCU,DEL,2026-10-17T09:05:00,2026-10-17T11:25:00,18172.0,2336.0,20508.0,8,EC,2026-09-02T14:52:07.569929+00:00,T+45,akasa_air,airline_direct,CCU-DEL
QP1251,Akasa Air,QP,CCU,DEL,2026-10-17T06:00:00,2026-10-17T12:25:00,12096.0,2390.0,14486.0,8,EC,2026-09-02T14:52:07.569929+00:00,T+45,akasa_air,airline_direct,CCU-DEL
QP1251,Akasa Air,QP,CCU,DEL,2026-10-17T06:00:00,2026-10-17T16:50:00,12096.0,2396.0,14492.0,8,EC,2026-09-02T14:52:07.569929+00:00,T+45,akasa_air,airline_direct,CCU-DEL
QP1126,Akasa Air,QP,CCU,DEL,2026-10-17T23:00:00,2026-10-18T09:20:00,12096.0,2402.0,14498.0,8,EC,2026-09-02T14:52:07.569929+00:00,T+45,akasa_air,airline_direct,CCU-DEL
QP1136,Akasa Air,QP,CCU,DEL,2026-10-17T05:05:00,2026-10-17T15:20:00,13247.0,2442.0,15689.0,8,EC,2026-09-02T14:52:07.569929+00:00,T+45,akasa_air,airline_direct,CCU-DEL
QP1136,Akasa Air,QP,CCU,DEL,2026-10-17T05:05:00,2026-10-17T12:25:00,13247.0,2448.0,15695.0,8,EC,2026-09-02T14:52:07.569929+00:00,T+45,akasa_air,airline_direct,CCU-DEL
QP1263,Akasa Air,QP,CCU,DEL,2026-10-17T06:00:00,2026-10-17T16:00:00,21757.0,2568.0,24325.0,8,EC,2026-09-02T14:52:07.569929+00:00,T+45,akasa_air,airline_direct,CCU-DEL
QP1811,Akasa Air,QP,BLR,HYD,2026-09-03T04:10:00,2026-09-03T16:45:00,7217.0,2147.0,9364.0,5,EC,2026-09-02T14:52:12.416246+00:00,T+1,akasa_air,airline_direct,BLR-HYD
QP1359,Akasa Air,QP,BLR,HYD,2026-09-03T05:00:00,2026-09-03T16:45:00,7217.0,2147.0,9364.0,5,EC,2026-09-02T14:52:12.417249+00:00,T+1,akasa_air,airline_direct,BLR-HYD
QP1821,Akasa Air,QP,BLR,HYD,2026-09-03T13:10:00,2026-09-03T23:10:00,7350.0,2171.0,9521.0,3,EC,2026-09-02T14:52:12.417249+00:00,T+1,akasa_air,airline_direct,BLR-HYD
QP1823,Akasa Air,QP,BLR,HYD,2026-09-03T06:05:00,2026-09-03T16:45:00,8583.0,2215.0,10798.0,5,EC,2026-09-02T14:52:12.417249+00:00,T+1,akasa_air,airline_direct,BLR-HYD
QP1811,Akasa Air,QP,BLR,HYD,2026-09-09T04:10:00,2026-09-09T16:45:00,7217.0,2117.0,9334.0,3,EC,2026-09-02T14:52:16.683914+00:00,T+7,akasa_air,airline_direct,BLR-HYD
QP1359,Akasa Air,QP,BLR,HYD,2026-09-09T05:00:00,2026-09-09T16:45:00,7217.0,2117.0,9334.0,3,EC,2026-09-02T14:52:16.683914+00:00,T+7,akasa_air,airline_direct,BLR-HYD
QP1823,Akasa Air,QP,BLR,HYD,2026-09-09T06:05:00,2026-09-09T16:45:00,7217.0,2117.0,9334.0,3,EC,2026-09-02T14:52:16.683914+00:00,T+7,akasa_air,airline_direct,BLR-HYD
QP1821,Akasa Air,QP,BLR,HYD,2026-09-09T13:10:00,2026-09-09T23:10:00,7217.0,2147.0,9364.0,7,EC,2026-09-02T14:52:16.683914+00:00,T+7,akasa_air,airline_direct,BLR-HYD
QP1811,Akasa Air,QP,BLR,HYD,2026-09-17T04:10:00,2026-09-17T16:45:00,7350.0,2123.0,9473.0,5,EC,2026-09-02T14:52:20.659427+00:00,T+15,akasa_air,airline_direct,BLR-HYD
QP1359,Akasa Air,QP,BLR,HYD,2026-09-17T05:00:00,2026-09-17T16:45:00,7350.0,2123.0,9473.0,5,EC,2026-09-02T14:52:20.659427+00:00,T+15,akasa_air,airline_direct,BLR-HYD
QP1823,Akasa Air,QP,BLR,HYD,2026-09-17T06:05:00,2026-09-17T16:45:00,8583.0,2185.0,10768.0,5,EC,2026-09-02T14:52:20.659427+00:00,T+15,akasa_air,airline_direct,BLR-HYD
QP1821,Akasa Air,QP,BLR,HYD,2026-10-02T13:05:00,2026-10-02T23:10:00,7929.0,2109.0,10038.0,5,EC,2026-09-02T14:52:25.032970+00:00,T+30,akasa_air,airline_direct,BLR-HYD
QP1571,Akasa Air,QP,BLR,HYD,2026-10-02T05:30:00,2026-10-02T16:30:00,7217.0,2117.0,9334.0,3,EC,2026-09-02T14:52:25.032970+00:00,T+30,akasa_air,airline_direct,BLR-HYD
QP1823,Akasa Air,QP,BLR,HYD,2026-10-02T06:05:00,2026-10-02T16:30:00,7622.0,2137.0,9759.0,3,EC,2026-09-02T14:52:25.032970+00:00,T+30,akasa_air,airline_direct,BLR-HYD
QP1811,Akasa Air,QP,BLR,HYD,2026-10-02T03:55:00,2026-10-02T16:30:00,7774.0,2143.0,9917.0,3,EC,2026-09-02T14:52:25.032970+00:00,T+30,akasa_air,airline_direct,BLR-HYD
QP1359,Akasa Air,QP,BLR,HYD,2026-10-02T05:00:00,2026-10-02T16:30:00,7774.0,2143.0,9917.0,3,EC,2026-09-02T14:52:25.032970+00:00,T+30,akasa_air,airline_direct,BLR-HYD
QP1811,Akasa Air,QP,BLR,HYD,2026-10-17T03:55:00,2026-10-17T16:30:00,12018.0,2341.0,14359.0,3,EC,2026-09-02T14:52:29.582365+00:00,T+45,akasa_air,airline_direct,BLR-HYD
QP1823,Akasa Air,QP,BLR,HYD,2026-10-17T06:05:00,2026-10-17T16:30:00,12504.0,2365.0,14869.0,3,EC,2026-09-02T14:52:29.582365+00:00,T+45,akasa_air,airline_direct,BLR-HYD
QP1359,Akasa Air,QP,BLR,HYD,2026-10-17T05:00:00,2026-10-17T16:30:00,13008.0,2391.0,15399.0,3,EC,2026-09-02T14:52:29.582365+00:00,T+45,akasa_air,airline_direct,BLR-HYD
QP1821,Akasa Air,QP,BLR,HYD,2026-10-17T13:05:00,2026-10-17T23:10:00,12753.0,2651.0,15404.0,4,EC,2026-09-02T14:52:29.582365+00:00,T+45,akasa_air,airline_direct,BLR-HYD
QP1407,Akasa Air,QP,HYD,BLR,2026-09-03T17:30:00,2026-09-04T01:45:00,7751.0,2367.0,10118.0,1,EC,2026-09-02T14:52:33.612411+00:00,T+1,akasa_air,airline_direct,HYD-BLR
QP1407,Akasa Air,QP,HYD,BLR,2026-09-03T17:30:00,2026-09-04T00:50:00,7751.0,2395.0,10146.0,1,EC,2026-09-02T14:52:33.612411+00:00,T+1,akasa_air,airline_direct,HYD-BLR
QP1407,Akasa Air,QP,HYD,BLR,2026-09-09T17:30:00,2026-09-10T00:50:00,7443.0,2285.0,9728.0,7,EC,2026-09-02T14:52:37.853932+00:00,T+7,akasa_air,airline_direct,HYD-BLR
QP1405,Akasa Air,QP,HYD,BLR,2026-09-09T06:00:00,2026-09-09T17:55:00,7147.0,2287.0,9434.0,5,EC,2026-09-02T14:52:37.853932+00:00,T+7,akasa_air,airline_direct,HYD-BLR
QP1407,Akasa Air,QP,HYD,BLR,2026-09-17T17:30:00,2026-09-18T00:50:00,7751.0,2301.0,10052.0,4,EC,2026-09-02T14:52:42.820031+00:00,T+15,akasa_air,airline_direct,HYD-BLR
QP1407,Akasa Air,QP,HYD,BLR,2026-09-17T17:30:00,2026-09-18T01:45:00,7751.0,2301.0,10052.0,4,EC,2026-09-02T14:52:42.820031+00:00,T+15,akasa_air,airline_direct,HYD-BLR
QP1405,Akasa Air,QP,HYD,BLR,2026-10-02T06:00:00,2026-10-02T17:05:00,6590.0,2243.0,8833.0,2,EC,2026-09-02T14:52:47.737191+00:00,T+30,akasa_air,airline_direct,HYD-BLR
QP1407,Akasa Air,QP,HYD,BLR,2026-10-02T17:30:00,2026-10-03T00:45:00,6590.0,2243.0,8833.0,5,EC,2026-09-02T14:52:47.737191+00:00,T+30,akasa_air,airline_direct,HYD-BLR
QP1407,Akasa Air,QP,HYD,BLR,2026-10-02T17:30:00,2026-10-03T02:05:00,6590.0,2243.0,8833.0,5,EC,2026-09-02T14:52:47.737191+00:00,T+30,akasa_air,airline_direct,HYD-BLR
QP1407,Akasa Air,QP,HYD,BLR,2026-10-17T17:30:00,2026-10-18T00:45:00,6590.0,2329.0,8919.0,4,EC,2026-09-02T14:52:51.837757+00:00,T+45,akasa_air,airline_direct,HYD-BLR
QP1407,Akasa Air,QP,HYD,BLR,2026-10-17T17:30:00,2026-10-18T02:05:00,6590.0,2347.0,8937.0,4,EC,2026-09-02T14:52:51.837757+00:00,T+45,akasa_air,airline_direct,HYD-BLR
QP1146,Akasa Air,QP,MAA,DEL,2026-09-09T13:35:00,2026-09-09T21:15:00,8966.0,2049.0,11015.0,14,EC,2026-09-02T14:53:00.125478+00:00,T+7,akasa_air,airline_direct,MAA-DEL
QP1146,Akasa Air,QP,MAA,DEL,2026-10-02T13:35:00,2026-10-02T19:15:00,5959.0,1899.0,7858.0,8,EC,2026-09-02T14:53:08.717892+00:00,T+30,akasa_air,airline_direct,MAA-DEL
QP1146,Akasa Air,QP,MAA,DEL,2026-10-02T13:35:00,2026-10-02T21:15:00,5959.0,1899.0,7858.0,8,EC,2026-09-02T14:53:08.717892+00:00,T+30,akasa_air,airline_direct,MAA-DEL
QP1146,Akasa Air,QP,MAA,DEL,2026-10-17T14:00:00,2026-10-17T21:15:00,5959.0,1929.0,7888.0,8,EC,2026-09-02T14:53:13.567055+00:00,T+45,akasa_air,airline_direct,MAA-DEL
QP1826,Akasa Air,QP,DEL,MAA,2026-09-03T19:55:00,2026-09-04T07:00:00,13123.0,1951.0,15074.0,8,EC,2026-09-02T14:53:18.348309+00:00,T+1,akasa_air,airline_direct,DEL-MAA
QP1826,Akasa Air,QP,DEL,MAA,2026-09-17T19:55:00,2026-09-18T07:00:00,5640.0,1463.0,7103.0,17,EC,2026-09-02T14:53:27.538336+00:00,T+15,akasa_air,airline_direct,DEL-MAA
QP1826,Akasa Air,QP,DEL,MAA,2026-10-02T19:55:00,2026-10-03T07:00:00,5640.0,1463.0,7103.0,8,EC,2026-09-02T14:53:32.009044+00:00,T+30,akasa_air,airline_direct,DEL-MAA
QP1826,Akasa Air,QP,DEL,MAA,2026-10-17T19:55:00,2026-10-18T07:00:00,6227.0,1517.0,7744.0,4,EC,2026-09-02T14:53:36.634053+00:00,T+45,akasa_air,airline_direct,DEL-MAA
QP1406,Akasa Air,QP,DEL,HYD,2026-09-03T14:10:00,2026-09-03T16:45:00,8072.0,1533.0,9605.0,5,EC,2026-09-02T14:53:41.508524+00:00,T+1,akasa_air,airline_direct,DEL-HYD
QP1409,Akasa Air,QP,DEL,HYD,2026-09-03T20:40:00,2026-09-03T23:10:00,8406.0,1549.0,9955.0,3,EC,2026-09-02T14:53:41.508524+00:00,T+1,akasa_air,airline_direct,DEL-HYD
QP1406,Akasa Air,QP,DEL,HYD,2026-09-09T14:10:00,2026-09-09T16:45:00,7443.0,1501.0,8944.0,3,EC,2026-09-02T14:53:45.945326+00:00,T+7,akasa_air,airline_direct,DEL-HYD
QP1409,Akasa Air,QP,DEL,HYD,2026-09-09T20:40:00,2026-09-09T23:10:00,8072.0,1533.0,9605.0,7,EC,2026-09-02T14:53:45.945326+00:00,T+7,akasa_air,airline_direct,DEL-HYD
QP1409,Akasa Air,QP,DEL,HYD,2026-09-17T20:40:00,2026-09-17T23:10:00,7147.0,1487.0,8634.0,14,EC,2026-09-02T14:53:50.746974+00:00,T+15,akasa_air,airline_direct,DEL-HYD
QP1406,Akasa Air,QP,DEL,HYD,2026-09-17T14:10:00,2026-09-17T16:45:00,7443.0,1501.0,8944.0,5,EC,2026-09-02T14:53:50.746974+00:00,T+15,akasa_air,airline_direct,DEL-HYD
QP1409,Akasa Air,QP,DEL,HYD,2026-10-02T20:40:00,2026-10-02T23:10:00,6590.0,1459.0,8049.0,5,EC,2026-09-02T14:53:54.931886+00:00,T+30,akasa_air,airline_direct,DEL-HYD
QP1406,Akasa Air,QP,DEL,HYD,2026-10-02T14:10:00,2026-10-02T16:30:00,7443.0,1501.0,8944.0,3,EC,2026-09-02T14:53:54.931886+00:00,T+30,akasa_air,airline_direct,DEL-HYD
QP1406,Akasa Air,QP,DEL,HYD,2026-10-17T14:10:00,2026-10-17T16:30:00,7147.0,1487.0,8634.0,3,EC,2026-09-02T14:53:59.637914+00:00,T+45,akasa_air,airline_direct,DEL-HYD
QP1409,Akasa Air,QP,DEL,HYD,2026-10-17T20:40:00,2026-10-17T23:10:00,12611.0,1759.0,14370.0,4,EC,2026-09-02T14:53:59.637914+00:00,T+45,akasa_air,airline_direct,DEL-HYD
QP1405,Akasa Air,QP,HYD,DEL,2026-09-03T06:00:00,2026-09-03T08:15:00,6863.0,1735.0,8598.0,5,EC,2026-09-02T14:54:04.471386+00:00,T+1,akasa_air,airline_direct,HYD-DEL
QP1407,Akasa Air,QP,HYD,DEL,2026-09-03T17:30:00,2026-09-03T20:00:00,7751.0,1779.0,9530.0,1,EC,2026-09-02T14:54:04.471386+00:00,T+1,akasa_air,airline_direct,HYD-DEL
QP1405,Akasa Air,QP,HYD,DEL,2026-09-09T06:00:00,2026-09-09T08:15:00,7147.0,1749.0,8896.0,5,EC,2026-09-02T14:54:09.549620+00:00,T+7,akasa_air,airline_direct,HYD-DEL
QP1407,Akasa Air,QP,HYD,DEL,2026-09-09T17:30:00,2026-09-09T20:00:00,7443.0,1763.0,9206.0,7,EC,2026-09-02T14:54:09.549620+00:00,T+7,akasa_air,airline_direct,HYD-DEL
QP1405,Akasa Air,QP,HYD,DEL,2026-09-17T06:00:00,2026-09-17T08:15:00,7751.0,1779.0,9530.0,4,EC,2026-09-02T14:54:13.847001+00:00,T+15,akasa_air,airline_direct,HYD-DEL
QP1407,Akasa Air,QP,HYD,DEL,2026-09-17T17:30:00,2026-09-17T20:00:00,7751.0,1779.0,9530.0,4,EC,2026-09-02T14:54:13.847001+00:00,T+15,akasa_air,airline_direct,HYD-DEL
QP1405,Akasa Air,QP,HYD,DEL,2026-10-02T06:00:00,2026-10-02T08:15:00,6590.0,1721.0,8311.0,2,EC,2026-09-02T14:54:18.817044+00:00,T+30,akasa_air,airline_direct,HYD-DEL
QP1407,Akasa Air,QP,HYD,DEL,2026-10-02T17:30:00,2026-10-02T20:00:00,6590.0,1721.0,8311.0,5,EC,2026-09-02T14:54:18.817044+00:00,T+30,akasa_air,airline_direct,HYD-DEL
QP1407,Akasa Air,QP,HYD,DEL,2026-10-17T17:30:00,2026-10-17T20:00:00,6590.0,1721.0,8311.0,4,EC,2026-09-02T14:54:23.772031+00:00,T+45,akasa_air,airline_direct,HYD-DEL
QP1405,Akasa Air,QP,HYD,DEL,2026-10-17T06:00:00,2026-10-17T08:15:00,6863.0,1735.0,8598.0,4,EC,2026-09-02T14:54:23.772031+00:00,T+45,akasa_air,airline_direct,HYD-DEL
QP1111,Akasa Air,QP,BOM,HYD,2026-09-03T05:25:00,2026-09-03T16:45:00,5640.0,1922.0,7562.0,5,EC,2026-09-02T14:54:29.271895+00:00,T+1,akasa_air,airline_direct,BOM-HYD
QP1109,Akasa Air,QP,BOM,HYD,2026-09-03T07:00:00,2026-09-03T16:45:00,5753.0,1928.0,7681.0,5,EC,2026-09-02T14:54:29.271895+00:00,T+1,akasa_air,airline_direct,BOM-HYD
QP1834,Akasa Air,QP,BOM,HYD,2026-09-03T10:20:00,2026-09-03T16:45:00,5753.0,1928.0,7681.0,5,EC,2026-09-02T14:54:29.271895+00:00,T+1,akasa_air,airline_direct,BOM-HYD
QP1835,Akasa Air,QP,BOM,HYD,2026-09-03T11:50:00,2026-09-03T23:10:00,5640.0,1938.0,7578.0,3,EC,2026-09-02T14:54:29.271895+00:00,T+1,akasa_air,airline_direct,BOM-HYD
QP1127,Akasa Air,QP,BOM,HYD,2026-09-03T13:00:00,2026-09-03T23:10:00,5640.0,1938.0,7578.0,3,EC,2026-09-02T14:54:29.271895+00:00,T+1,akasa_air,airline_direct,BOM-HYD
QP1819,Akasa Air,QP,BOM,HYD,2026-09-03T14:30:00,2026-09-03T23:10:00,5640.0,1938.0,7578.0,3,EC,2026-09-02T14:54:29.271895+00:00,T+1,akasa_air,airline_direct,BOM-HYD
QP1825,Akasa Air,QP,BOM,HYD,2026-09-03T16:50:00,2026-09-03T23:10:00,5640.0,1938.0,7578.0,3,EC,2026-09-02T14:54:29.271895+00:00,T+1,akasa_air,airline_direct,BOM-HYD
QP1834,Akasa Air,QP,BOM,HYD,2026-09-03T10:20:00,2026-09-03T23:10:00,5753.0,1944.0,7697.0,3,EC,2026-09-02T14:54:29.271895+00:00,T+1,akasa_air,airline_direct,BOM-HYD
QP1111,Akasa Air,QP,BOM,HYD,2026-09-09T05:25:00,2026-09-09T16:45:00,5640.0,1890.0,7530.0,3,EC,2026-09-02T14:54:34.238204+00:00,T+7,akasa_air,airline_direct,BOM-HYD
QP1834,Akasa Air,QP,BOM,HYD,2026-09-09T10:20:00,2026-09-09T16:45:00,5640.0,1890.0,7530.0,3,EC,2026-09-02T14:54:34.238204+00:00,T+7,akasa_air,airline_direct,BOM-HYD
QP1109,Akasa Air,QP,BOM,HYD,2026-09-09T07:00:00,2026-09-09T16:45:00,5868.0,1902.0,7770.0,3,EC,2026-09-02T14:54:34.238204+00:00,T+7,akasa_air,airline_direct,BOM-HYD
QP1835,Akasa Air,QP,BOM,HYD,2026-09-09T11:50:00,2026-09-09T23:10:00,5640.0,1922.0,7562.0,7,EC,2026-09-02T14:54:34.238204+00:00,T+7,akasa_air,airline_direct,BOM-HYD
QP1127,Akasa Air,QP,BOM,HYD,2026-09-09T13:00:00,2026-09-09T23:10:00,5640.0,1922.0,7562.0,7,EC,2026-09-02T14:54:34.238204+00:00,T+7,akasa_air,airline_direct,BOM-HYD
QP1819,Akasa Air,QP,BOM,HYD,2026-09-09T14:30:00,2026-09-09T23:10:00,5640.0,1922.0,7562.0,7,EC,2026-09-02T14:54:34.238204+00:00,T+7,akasa_air,airline_direct,BOM-HYD
QP1825,Akasa Air,QP,BOM,HYD,2026-09-09T16:50:00,2026-09-09T23:10:00,5640.0,1922.0,7562.0,7,EC,2026-09-02T14:54:34.238204+00:00,T+7,akasa_air,airline_direct,BOM-HYD
QP1834,Akasa Air,QP,BOM,HYD,2026-09-17T10:20:00,2026-09-17T23:10:00,5640.0,1876.0,7516.0,14,EC,2026-09-02T14:54:38.786023+00:00,T+15,akasa_air,airline_direct,BOM-HYD
QP1835,Akasa Air,QP,BOM,HYD,2026-09-17T11:50:00,2026-09-17T23:10:00,5640.0,1876.0,7516.0,14,EC,2026-09-02T14:54:38.786023+00:00,T+15,akasa_air,airline_direct,BOM-HYD
QP1127,Akasa Air,QP,BOM,HYD,2026-09-17T13:00:00,2026-09-17T23:10:00,5640.0,1876.0,7516.0,14,EC,2026-09-02T14:54:38.786023+00:00,T+15,akasa_air,airline_direct,BOM-HYD
QP1819,Akasa Air,QP,BOM,HYD,2026-09-17T14:30:00,2026-09-17T23:10:00,5640.0,1876.0,7516.0,14,EC,2026-09-02T14:54:38.786023+00:00,T+15,akasa_air,airline_direct,BOM-HYD
QP1825,Akasa Air,QP,BOM,HYD,2026-09-17T16:50:00,2026-09-17T23:10:00,5640.0,1876.0,7516.0,14,EC,2026-09-02T14:54:38.786023+00:00,T+15,akasa_air,airline_direct,BOM-HYD
QP1111,Akasa Air,QP,BOM,HYD,2026-09-17T05:25:00,2026-09-17T16:45:00,5640.0,1890.0,7530.0,5,EC,2026-09-02T14:54:38.786023+00:00,T+15,akasa_air,airline_direct,BOM-HYD
QP1834,Akasa Air,QP,BOM,HYD,2026-09-17T10:20:00,2026-09-17T16:45:00,5640.0,1890.0,7530.0,5,EC,2026-09-02T14:54:38.786023+00:00,T+15,akasa_air,airline_direct,BOM-HYD
QP1109,Akasa Air,QP,BOM,HYD,2026-09-17T07:00:00,2026-09-17T16:45:00,5868.0,1902.0,7770.0,5,EC,2026-09-02T14:54:38.786023+00:00,T+15,akasa_air,airline_direct,BOM-HYD
QP1127,Akasa Air,QP,BOM,HYD,2026-10-02T13:00:00,2026-10-02T23:10:00,5640.0,1848.0,7488.0,5,EC,2026-09-02T14:54:43.517838+00:00,T+30,akasa_air,airline_direct,BOM-HYD
QP1819,Akasa Air,QP,BOM,HYD,2026-10-02T14:30:00,2026-10-02T23:10:00,5640.0,1848.0,7488.0,5,EC,2026-09-02T14:54:43.517838+00:00,T+30,akasa_air,airline_direct,BOM-HYD
QP1825,Akasa Air,QP,BOM,HYD,2026-10-02T17:00:00,2026-10-02T23:10:00,5640.0,1848.0,7488.0,5,EC,2026-09-02T14:54:43.517838+00:00,T+30,akasa_air,airline_direct,BOM-HYD
QP1834,Akasa Air,QP,BOM,HYD,2026-10-02T10:25:00,2026-10-02T23:10:00,5985.0,1864.0,7849.0,5,EC,2026-09-02T14:54:43.517838+00:00,T+30,akasa_air,airline_direct,BOM-HYD
QP1834,Akasa Air,QP,BOM,HYD,2026-10-02T10:25:00,2026-10-02T16:30:00,5985.0,1908.0,7893.0,3,EC,2026-09-02T14:54:43.517838+00:00,T+30,akasa_air,airline_direct,BOM-HYD
QP1109,Akasa Air,QP,BOM,HYD,2026-10-02T07:00:00,2026-10-02T16:30:00,6105.0,1914.0,8019.0,3,EC,2026-09-02T14:54:43.517838+00:00,T+30,akasa_air,airline_direct,BOM-HYD
QP1834,Akasa Air,QP,BOM,HYD,2026-10-17T10:05:00,2026-10-17T16:30:00,6105.0,1898.0,8003.0,2,EC,2026-09-02T14:54:47.972152+00:00,T+45,akasa_air,airline_direct,BOM-HYD
QP1109,Akasa Air,QP,BOM,HYD,2026-10-17T07:00:00,2026-10-17T16:30:00,6740.0,1930.0,8670.0,2,EC,2026-09-02T14:54:47.972152+00:00,T+45,akasa_air,airline_direct,BOM-HYD
QP1127,Akasa Air,QP,BOM,HYD,2026-10-17T13:00:00,2026-10-17T23:10:00,5985.0,2166.0,8151.0,4,EC,2026-09-02T14:54:47.972152+00:00,T+45,akasa_air,airline_direct,BOM-HYD
QP1819,Akasa Air,QP,BOM,HYD,2026-10-17T14:30:00,2026-10-17T23:10:00,6227.0,2178.0,8405.0,4,EC,2026-09-02T14:54:47.972152+00:00,T+45,akasa_air,airline_direct,BOM-HYD
QP1825,Akasa Air,QP,BOM,HYD,2026-10-17T17:00:00,2026-10-17T23:10:00,6227.0,2178.0,8405.0,4,EC,2026-09-02T14:54:47.972152+00:00,T+45,akasa_air,airline_direct,BOM-HYD
QP1405,Akasa Air,QP,HYD,BOM,2026-09-03T06:00:00,2026-09-03T12:45:00,6863.0,2092.0,8955.0,5,EC,2026-09-02T14:54:52.016326+00:00,T+1,akasa_air,airline_direct,HYD-BOM
QP1405,Akasa Air,QP,HYD,BOM,2026-09-03T06:00:00,2026-09-03T14:55:00,6863.0,2092.0,8955.0,5,EC,2026-09-02T14:54:52.016326+00:00,T+1,akasa_air,airline_direct,HYD-BOM
QP1405,Akasa Air,QP,HYD,BOM,2026-09-03T06:00:00,2026-09-03T18:20:00,6863.0,2092.0,8955.0,5,EC,2026-09-02T14:54:52.016326+00:00,T+1,akasa_air,airline_direct,HYD-BOM
QP1405,Akasa Air,QP,HYD,BOM,2026-09-09T06:00:00,2026-09-09T12:45:00,7147.0,2106.0,9253.0,5,EC,2026-09-02T14:54:56.375681+00:00,T+7,akasa_air,airline_direct,HYD-BOM
QP1405,Akasa Air,QP,HYD,BOM,2026-09-09T06:00:00,2026-09-09T14:55:00,7147.0,2106.0,9253.0,5,EC,2026-09-02T14:54:56.375681+00:00,T+7,akasa_air,airline_direct,HYD-BOM
QP1405,Akasa Air,QP,HYD,BOM,2026-09-09T06:00:00,2026-09-09T18:20:00,7147.0,2106.0,9253.0,5,EC,2026-09-02T14:54:56.375681+00:00,T+7,akasa_air,airline_direct,HYD-BOM
QP1405,Akasa Air,QP,HYD,BOM,2026-09-17T06:00:00,2026-09-17T12:45:00,7751.0,2136.0,9887.0,4,EC,2026-09-02T14:55:00.759925+00:00,T+15,akasa_air,airline_direct,HYD-BOM
QP1405,Akasa Air,QP,HYD,BOM,2026-09-17T06:00:00,2026-09-17T14:55:00,7751.0,2136.0,9887.0,4,EC,2026-09-02T14:55:00.759925+00:00,T+15,akasa_air,airline_direct,HYD-BOM
QP1405,Akasa Air,QP,HYD,BOM,2026-09-17T06:00:00,2026-09-17T18:20:00,7751.0,2136.0,9887.0,4,EC,2026-09-02T14:55:00.759925+00:00,T+15,akasa_air,airline_direct,HYD-BOM
QP1405,Akasa Air,QP,HYD,BOM,2026-10-02T06:00:00,2026-10-02T12:20:00,6590.0,2078.0,8668.0,2,EC,2026-09-02T14:55:05.392524+00:00,T+30,akasa_air,airline_direct,HYD-BOM
QP1405,Akasa Air,QP,HYD,BOM,2026-10-02T06:00:00,2026-10-02T18:20:00,6590.0,2078.0,8668.0,2,EC,2026-09-02T14:55:05.392524+00:00,T+30,akasa_air,airline_direct,HYD-BOM
QP1405,Akasa Air,QP,HYD,BOM,2026-10-17T06:00:00,2026-10-17T18:20:00,6863.0,2108.0,8971.0,4,EC,2026-09-02T14:55:10.318865+00:00,T+45,akasa_air,airline_direct,HYD-BOM
QP1405,Akasa Air,QP,HYD,BOM,2026-10-17T06:00:00,2026-10-17T12:20:00,6863.0,2120.0,8983.0,4,EC,2026-09-02T14:55:10.318865+00:00,T+45,akasa_air,airline_direct,HYD-BOM
QP1608,Akasa Air,QP,DEL,PNQ,2026-09-03T15:00:00,2026-09-03T17:15:00,7271.0,1233.0,8504.0,14,EC,2026-09-02T14:55:14.758294+00:00,T+1,akasa_air,airline_direct,DEL-PNQ
QP1809,Akasa Air,QP,DEL,PNQ,2026-09-03T18:10:00,2026-09-03T20:25:00,7869.0,1263.0,9132.0,15,EC,2026-09-02T14:55:14.758294+00:00,T+1,akasa_air,airline_direct,DEL-PNQ
QP1871,Akasa Air,QP,DEL,PNQ,2026-09-03T10:50:00,2026-09-03T13:05:00,8861.0,1313.0,10174.0,14,EC,2026-09-02T14:55:14.758294+00:00,T+1,akasa_air,airline_direct,DEL-PNQ
QP1812,Akasa Air,QP,DEL,PNQ,2026-09-03T22:55:00,2026-09-04T06:50:00,9108.0,1571.0,10679.0,10,EC,2026-09-02T14:55:14.758294+00:00,T+1,akasa_air,airline_direct,DEL-PNQ
QP1308,Akasa Air,QP,DEL,PNQ,2026-09-03T20:55:00,2026-09-04T06:50:00,9476.0,1589.0,11065.0,10,EC,2026-09-02T14:55:14.758294+00:00,T+1,akasa_air,airline_direct,DEL-PNQ
QP1350,Akasa Air,QP,DEL,PNQ,2026-09-03T21:55:00,2026-09-04T06:50:00,9665.0,1599.0,11264.0,10,EC,2026-09-02T14:55:14.758294+00:00,T+1,akasa_air,airline_direct,DEL-PNQ
QP1824,Akasa Air,QP,DEL,PNQ,2026-09-03T20:10:00,2026-09-04T06:50:00,10463.0,1639.0,12102.0,10,EC,2026-09-02T14:55:14.758294+00:00,T+1,akasa_air,airline_direct,DEL-PNQ
QP1871,Akasa Air,QP,DEL,PNQ,2026-09-09T10:50:00,2026-09-09T13:05:00,6207.0,1179.0,7386.0,15,EC,2026-09-02T14:55:19.592209+00:00,T+7,akasa_air,airline_direct,DEL-PNQ
QP1608,Akasa Air,QP,DEL,PNQ,2026-09-09T15:00:00,2026-09-09T17:15:00,6207.0,1179.0,7386.0,15,EC,2026-09-02T14:55:19.592209+00:00,T+7,akasa_air,airline_direct,DEL-PNQ
QP1809,Akasa Air,QP,DEL,PNQ,2026-09-09T18:10:00,2026-09-09T20:25:00,6207.0,1179.0,7386.0,15,EC,2026-09-02T14:55:19.592209+00:00,T+7,akasa_air,airline_direct,DEL-PNQ
QP1308,Akasa Air,QP,DEL,PNQ,2026-09-09T20:55:00,2026-09-10T06:50:00,7774.0,1503.0,9277.0,10,EC,2026-09-02T14:55:19.592209+00:00,T+7,akasa_air,airline_direct,DEL-PNQ
QP1350,Akasa Air,QP,DEL,PNQ,2026-09-09T21:55:00,2026-09-10T06:50:00,7774.0,1503.0,9277.0,10,EC,2026-09-02T14:55:19.592209+00:00,T+7,akasa_air,airline_direct,DEL-PNQ
QP1824,Akasa Air,QP,DEL,PNQ,2026-09-09T20:10:00,2026-09-10T06:50:00,8087.0,1519.0,9606.0,10,EC,2026-09-02T14:55:19.592209+00:00,T+7,akasa_air,airline_direct,DEL-PNQ
QP1912,Akasa Air,QP,DEL,PNQ,2026-09-09T14:55:00,2026-09-09T21:35:00,8087.0,1527.0,9614.0,10,EC,2026-09-02T14:55:19.592209+00:00,T+7,akasa_air,airline_direct,DEL-PNQ
QP1871,Akasa Air,QP,DEL,PNQ,2026-09-17T10:50:00,2026-09-17T13:05:00,6207.0,1179.0,7386.0,13,EC,2026-09-02T14:55:24.374585+00:00,T+15,akasa_air,airline_direct,DEL-PNQ
QP1608,Akasa Air,QP,DEL,PNQ,2026-09-17T15:00:00,2026-09-17T17:15:00,6207.0,1179.0,7386.0,15,EC,2026-09-02T14:55:24.374585+00:00,T+15,akasa_air,airline_direct,DEL-PNQ
QP1809,Akasa Air,QP,DEL,PNQ,2026-09-17T18:10:00,2026-09-17T20:25:00,6207.0,1179.0,7386.0,15,EC,2026-09-02T14:55:24.374585+00:00,T+15,akasa_air,airline_direct,DEL-PNQ
QP1308,Akasa Air,QP,DEL,PNQ,2026-09-17T20:55:00,2026-09-18T06:50:00,7774.0,1503.0,9277.0,8,EC,2026-09-02T14:55:24.374585+00:00,T+15,akasa_air,airline_direct,DEL-PNQ
QP1350,Akasa Air,QP,DEL,PNQ,2026-09-17T21:55:00,2026-09-18T06:50:00,7774.0,1503.0,9277.0,8,EC,2026-09-02T14:55:24.374585+00:00,T+15,akasa_air,airline_direct,DEL-PNQ
QP1812,Akasa Air,QP,DEL,PNQ,2026-09-17T22:55:00,2026-09-18T06:50:00,7774.0,1503.0,9277.0,8,EC,2026-09-02T14:55:24.374585+00:00,T+15,akasa_air,airline_direct,DEL-PNQ
QP1824,Akasa Air,QP,DEL,PNQ,2026-09-17T20:10:00,2026-09-18T06:50:00,8087.0,1519.0,9606.0,8,EC,2026-09-02T14:55:24.374585+00:00,T+15,akasa_air,airline_direct,DEL-PNQ
QP1809,Akasa Air,QP,DEL,PNQ,2026-10-02T18:10:00,2026-10-02T20:25:00,6207.0,1179.0,7386.0,8,EC,2026-09-02T14:55:29.383319+00:00,T+30,akasa_air,airline_direct,DEL-PNQ
QP1608,Akasa Air,QP,DEL,PNQ,2026-10-02T15:00:00,2026-10-02T17:15:00,6989.0,1219.0,8208.0,8,EC,2026-09-02T14:55:29.383319+00:00,T+30,akasa_air,airline_direct,DEL-PNQ
QP1574,Akasa Air,QP,DEL,PNQ,2026-10-02T14:10:00,2026-10-02T21:35:00,7774.0,1481.0,9255.0,8,EC,2026-09-02T14:55:29.383319+00:00,T+30,akasa_air,airline_direct,DEL-PNQ
QP1824,Akasa Air,QP,DEL,PNQ,2026-10-02T20:50:00,2026-10-03T06:50:00,7774.0,1481.0,9255.0,8,EC,2026-09-02T14:55:29.383319+00:00,T+30,akasa_air,airline_direct,DEL-PNQ
QP1350,Akasa Air,QP,DEL,PNQ,2026-10-02T21:55:00,2026-10-03T06:50:00,7774.0,1481.0,9255.0,8,EC,2026-09-02T14:55:29.383319+00:00,T+30,akasa_air,airline_direct,DEL-PNQ
QP1812,Akasa Air,QP,DEL,PNQ,2026-10-02T22:55:00,2026-10-03T06:50:00,7774.0,1481.0,9255.0,8,EC,2026-09-02T14:55:29.383319+00:00,T+30,akasa_air,airline_direct,DEL-PNQ
QP1350,Akasa Air,QP,DEL,PNQ,2026-10-02T21:55:00,2026-10-03T09:45:00,7774.0,1489.0,9263.0,8,EC,2026-09-02T14:55:29.383319+00:00,T+30,akasa_air,airline_direct,DEL-PNQ
QP1812,Akasa Air,QP,DEL,PNQ,2026-10-02T22:55:00,2026-10-03T09:45:00,7774.0,1489.0,9263.0,8,EC,2026-09-02T14:55:29.383319+00:00,T+30,akasa_air,airline_direct,DEL-PNQ
QP1809,Akasa Air,QP,DEL,PNQ,2026-10-17T18:10:00,2026-10-17T20:25:00,7271.0,1233.0,8504.0,8,EC,2026-09-02T14:55:34.474136+00:00,T+45,akasa_air,airline_direct,DEL-PNQ
QP1608,Akasa Air,QP,DEL,PNQ,2026-10-17T15:00:00,2026-10-17T17:15:00,9219.0,1329.0,10548.0,8,EC,2026-09-02T14:55:34.474136+00:00,T+45,akasa_air,airline_direct,DEL-PNQ
QP1350,Akasa Air,QP,DEL,PNQ,2026-10-17T21:55:00,2026-10-18T06:50:00,9476.0,1615.0,11091.0,8,EC,2026-09-02T14:55:34.474136+00:00,T+45,akasa_air,airline_direct,DEL-PNQ
QP1812,Akasa Air,QP,DEL,PNQ,2026-10-17T22:55:00,2026-10-18T06:50:00,9859.0,1635.0,11494.0,8,EC,2026-09-02T14:55:34.474136+00:00,T+45,akasa_air,airline_direct,DEL-PNQ
QP1812,Akasa Air,QP,DEL,PNQ,2026-10-17T22:55:00,2026-10-18T11:40:00,9859.0,1635.0,11494.0,8,EC,2026-09-02T14:55:34.474136+00:00,T+45,akasa_air,airline_direct,DEL-PNQ
QP1824,Akasa Air,QP,DEL,PNQ,2026-10-17T20:50:00,2026-10-18T06:50:00,10463.0,1665.0,12128.0,8,EC,2026-09-02T14:55:34.474136+00:00,T+45,akasa_air,airline_direct,DEL-PNQ
QP1607,Akasa Air,QP,PNQ,DEL,2026-09-03T07:50:00,2026-09-03T10:10:00,5966.0,1538.0,7504.0,8,EC,2026-09-02T14:55:39.253418+00:00,T+1,akasa_air,airline_direct,PNQ-DEL
QP1872,Akasa Air,QP,PNQ,DEL,2026-09-03T14:05:00,2026-09-03T16:25:00,5966.0,1538.0,7504.0,14,EC,2026-09-02T14:55:39.253418+00:00,T+1,akasa_air,airline_direct,PNQ-DEL
QP1810,Akasa Air,QP,PNQ,DEL,2026-09-03T21:05:00,2026-09-03T23:40:00,5966.0,1538.0,7504.0,7,EC,2026-09-02T14:55:39.253418+00:00,T+1,akasa_air,airline_direct,PNQ-DEL
QP1314,Akasa Air,QP,PNQ,DEL,2026-09-03T12:30:00,2026-09-03T20:15:00,3723.0,1860.0,5583.0,9,EC,2026-09-02T14:55:39.253418+00:00,T+1,akasa_air,airline_direct,PNQ-DEL
QP1326,Akasa Air,QP,PNQ,DEL,2026-09-03T13:00:00,2026-09-03T20:15:00,3723.0,1860.0,5583.0,9,EC,2026-09-02T14:55:39.253418+00:00,T+1,akasa_air,airline_direct,PNQ-DEL
QP1318,Akasa Air,QP,PNQ,DEL,2026-09-03T22:10:00,2026-09-04T07:00:00,4410.0,1874.0,6284.0,19,EC,2026-09-02T14:55:39.253418+00:00,T+1,akasa_air,airline_direct,PNQ-DEL
QP1318,Akasa Air,QP,PNQ,DEL,2026-09-03T22:10:00,2026-09-04T07:50:00,4410.0,1874.0,6284.0,20,EC,2026-09-02T14:55:39.253418+00:00,T+1,akasa_air,airline_direct,PNQ-DEL
QP1318,Akasa Air,QP,PNQ,DEL,2026-09-03T22:10:00,2026-09-04T08:50:00,4410.0,1874.0,6284.0,20,EC,2026-09-02T14:55:39.253418+00:00,T+1,akasa_air,airline_direct,PNQ-DEL
QP1312,Akasa Air,QP,PNQ,DEL,2026-09-03T07:25:00,2026-09-03T16:00:00,9857.0,2152.0,12009.0,9,EC,2026-09-02T14:55:39.253418+00:00,T+1,akasa_air,airline_direct,PNQ-DEL
QP1607,Akasa Air,QP,PNQ,DEL,2026-09-09T07:50:00,2026-09-09T10:10:00,5966.0,1538.0,7504.0,11,EC,2026-09-02T14:55:44.095194+00:00,T+7,akasa_air,airline_direct,PNQ-DEL
QP1872,Akasa Air,QP,PNQ,DEL,2026-09-09T14:05:00,2026-09-09T16:25:00,5966.0,1538.0,7504.0,15,EC,2026-09-02T14:55:44.095194+00:00,T+7,akasa_air,airline_direct,PNQ-DEL
QP1810,Akasa Air,QP,PNQ,DEL,2026-09-09T21:05:00,2026-09-09T23:40:00,5966.0,1538.0,7504.0,10,EC,2026-09-02T14:55:44.095194+00:00,T+7,akasa_air,airline_direct,PNQ-DEL
QP1314,Akasa Air,QP,PNQ,DEL,2026-09-09T12:30:00,2026-09-09T20:15:00,3569.0,1832.0,5401.0,8,EC,2026-09-02T14:55:44.095194+00:00,T+7,akasa_air,airline_direct,PNQ-DEL
QP1326,Akasa Air,QP,PNQ,DEL,2026-09-09T13:00:00,2026-09-09T20:15:00,3569.0,1832.0,5401.0,10,EC,2026-09-02T14:55:44.095194+00:00,T+7,akasa_air,airline_direct,PNQ-DEL
QP1318,Akasa Air,QP,PNQ,DEL,2026-09-09T22:10:00,2026-09-10T07:00:00,3569.0,1832.0,5401.0,10,EC,2026-09-02T14:55:44.095194+00:00,T+7,akasa_air,airline_direct,PNQ-DEL
QP1318,Akasa Air,QP,PNQ,DEL,2026-09-09T22:10:00,2026-09-10T07:50:00,3569.0,1832.0,5401.0,10,EC,2026-09-02T14:55:44.095194+00:00,T+7,akasa_air,airline_direct,PNQ-DEL
QP1318,Akasa Air,QP,PNQ,DEL,2026-09-09T22:10:00,2026-09-10T08:50:00,3569.0,1838.0,5407.0,10,EC,2026-09-02T14:55:44.095194+00:00,T+7,akasa_air,airline_direct,PNQ-DEL
QP1312,Akasa Air,QP,PNQ,DEL,2026-09-09T07:25:00,2026-09-09T16:00:00,5685.0,1938.0,7623.0,10,EC,2026-09-02T14:55:44.095194+00:00,T+7,akasa_air,airline_direct,PNQ-DEL
QP1607,Akasa Air,QP,PNQ,DEL,2026-09-17T07:50:00,2026-09-17T10:10:00,5966.0,1538.0,7504.0,5,EC,2026-09-02T14:55:49.229232+00:00,T+15,akasa_air,airline_direct,PNQ-DEL
QP1872,Akasa Air,QP,PNQ,DEL,2026-09-17T14:05:00,2026-09-17T16:25:00,5966.0,1538.0,7504.0,11,EC,2026-09-02T14:55:49.229232+00:00,T+15,akasa_air,airline_direct,PNQ-DEL
QP1810,Akasa Air,QP,PNQ,DEL,2026-09-17T21:05:00,2026-09-17T23:40:00,5966.0,1538.0,7504.0,9,EC,2026-09-02T14:55:49.229232+00:00,T+15,akasa_air,airline_direct,PNQ-DEL
QP1314,Akasa Air,QP,PNQ,DEL,2026-09-17T12:30:00,2026-09-17T20:15:00,3569.0,1852.0,5421.0,8,EC,2026-09-02T14:55:49.229232+00:00,T+15,akasa_air,airline_direct,PNQ-DEL
QP1326,Akasa Air,QP,PNQ,DEL,2026-09-17T13:00:00,2026-09-17T20:15:00,3569.0,1852.0,5421.0,9,EC,2026-09-02T14:55:49.229232+00:00,T+15,akasa_air,airline_direct,PNQ-DEL
QP1318,Akasa Air,QP,PNQ,DEL,2026-09-17T22:10:00,2026-09-18T07:50:00,3569.0,1900.0,5469.0,7,EC,2026-09-02T14:55:49.229232+00:00,T+15,akasa_air,airline_direct,PNQ-DEL
QP1318,Akasa Air,QP,PNQ,DEL,2026-09-17T22:10:00,2026-09-18T08:50:00,3569.0,1908.0,5477.0,7,EC,2026-09-02T14:55:49.229232+00:00,T+15,akasa_air,airline_direct,PNQ-DEL
QP1318,Akasa Air,QP,PNQ,DEL,2026-09-17T22:10:00,2026-09-18T07:00:00,3569.0,1916.0,5485.0,7,EC,2026-09-02T14:55:49.229232+00:00,T+15,akasa_air,airline_direct,PNQ-DEL
QP1810,Akasa Air,QP,PNQ,DEL,2026-10-02T21:05:00,2026-10-02T23:40:00,6207.0,1550.0,7757.0,8,EC,2026-09-02T14:55:53.546573+00:00,T+30,akasa_air,airline_direct,PNQ-DEL
QP1607,Akasa Air,QP,PNQ,DEL,2026-10-02T07:50:00,2026-10-02T10:10:00,7271.0,1604.0,8875.0,8,EC,2026-09-02T14:55:53.546573+00:00,T+30,akasa_air,airline_direct,PNQ-DEL
QP1318,Akasa Air,QP,PNQ,DEL,2026-10-02T22:10:00,2026-10-03T07:00:00,3421.0,1824.0,5245.0,8,EC,2026-09-02T14:55:53.546573+00:00,T+30,akasa_air,airline_direct,PNQ-DEL
QP1318,Akasa Air,QP,PNQ,DEL,2026-10-02T22:10:00,2026-10-03T07:50:00,3421.0,1824.0,5245.0,8,EC,2026-09-02T14:55:53.546573+00:00,T+30,akasa_air,airline_direct,PNQ-DEL
QP1318,Akasa Air,QP,PNQ,DEL,2026-10-02T22:10:00,2026-10-03T08:50:00,3421.0,1824.0,5245.0,8,EC,2026-09-02T14:55:53.546573+00:00,T+30,akasa_air,airline_direct,PNQ-DEL
QP1312,Akasa Air,QP,PNQ,DEL,2026-10-02T07:25:00,2026-10-02T16:00:00,3884.0,1882.0,5766.0,7,EC,2026-09-02T14:55:53.546573+00:00,T+30,akasa_air,airline_direct,PNQ-DEL
QP1810,Akasa Air,QP,PNQ,DEL,2026-10-17T21:05:00,2026-10-17T23:40:00,7271.0,1604.0,8875.0,8,EC,2026-09-02T14:55:58.402330+00:00,T+45,akasa_air,airline_direct,PNQ-DEL
QP1607,Akasa Air,QP,PNQ,DEL,2026-10-17T07:50:00,2026-10-17T10:10:00,9219.0,1700.0,10919.0,8,EC,2026-09-02T14:55:58.402330+00:00,T+45,akasa_air,airline_direct,PNQ-DEL
QP1318,Akasa Air,QP,PNQ,DEL,2026-10-17T22:10:00,2026-10-18T07:00:00,4410.0,1986.0,6396.0,8,EC,2026-09-02T14:55:58.402330+00:00,T+45,akasa_air,airline_direct,PNQ-DEL
QP1318,Akasa Air,QP,PNQ,DEL,2026-10-17T22:10:00,2026-10-18T07:50:00,4410.0,1986.0,6396.0,8,EC,2026-09-02T14:55:58.402330+00:00,T+45,akasa_air,airline_direct,PNQ-DEL
QP1318,Akasa Air,QP,PNQ,DEL,2026-10-17T22:10:00,2026-10-18T08:50:00,4410.0,2006.0,6416.0,8,EC,2026-09-02T14:55:58.402330+00:00,T+45,akasa_air,airline_direct,PNQ-DEL
QP1312,Akasa Air,QP,PNQ,DEL,2026-10-17T07:25:00,2026-10-17T16:00:00,4227.0,2142.0,6369.0,8,EC,2026-09-02T14:55:58.402330+00:00,T+45,akasa_air,airline_direct,PNQ-DEL
QP1175,Akasa Air,QP,BOM,GOX,2026-09-03T18:25:00,2026-09-03T19:50:00,7488.0,1758.0,9246.0,9,EC,2026-09-02T14:56:02.751021+00:00,T+1,akasa_air,airline_direct,BOM-GOX
QP1105,Akasa Air,QP,BOM,GOX,2026-09-03T13:05:00,2026-09-03T14:30:00,8939.0,1830.0,10769.0,10,EC,2026-09-02T14:56:02.751021+00:00,T+1,akasa_air,airline_direct,BOM-GOX
QP1175,Akasa Air,QP,BOM,GOX,2026-09-09T18:25:00,2026-09-09T19:55:00,4952.0,1632.0,6584.0,10,EC,2026-09-02T14:56:07.374092+00:00,T+7,akasa_air,airline_direct,BOM-GOX
QP1105,Akasa Air,QP,BOM,GOX,2026-09-09T13:05:00,2026-09-09T14:30:00,10060.0,1888.0,11948.0,77,EC,2026-09-02T14:56:07.374092+00:00,T+7,akasa_air,airline_direct,BOM-GOX
QP1175,Akasa Air,QP,BOM,GOX,2026-09-17T18:25:00,2026-09-17T19:50:00,4952.0,1632.0,6584.0,11,EC,2026-09-02T14:56:11.617877+00:00,T+15,akasa_air,airline_direct,BOM-GOX
QP1105,Akasa Air,QP,BOM,GOX,2026-09-17T13:05:00,2026-09-17T14:30:00,9483.0,1858.0,11341.0,5,EC,2026-09-02T14:56:11.617877+00:00,T+15,akasa_air,airline_direct,BOM-GOX
QP1175,Akasa Air,QP,BOM,GOX,2026-10-02T18:25:00,2026-10-02T19:55:00,2743.0,1522.0,4265.0,8,EC,2026-09-02T14:56:16.145298+00:00,T+30,akasa_air,airline_direct,BOM-GOX
QP1105,Akasa Air,QP,BOM,GOX,2026-10-02T13:25:00,2026-10-02T14:50:00,5254.0,1646.0,6900.0,8,EC,2026-09-02T14:56:16.145298+00:00,T+30,akasa_air,airline_direct,BOM-GOX
QP1175,Akasa Air,QP,BOM,GOX,2026-10-17T18:25:00,2026-10-17T19:55:00,2743.0,1522.0,4265.0,8,EC,2026-09-02T14:56:20.116304+00:00,T+45,akasa_air,airline_direct,BOM-GOX
QP1105,Akasa Air,QP,BOM,GOX,2026-10-17T13:25:00,2026-10-17T14:50:00,3087.0,1538.0,4625.0,8,EC,2026-09-02T14:56:20.116304+00:00,T+45,akasa_air,airline_direct,BOM-GOX
QP1106,Akasa Air,QP,GOX,BOM,2026-09-03T15:15:00,2026-09-03T16:40:00,5254.0,2142.0,7396.0,5,EC,2026-09-02T14:56:24.395111+00:00,T+1,akasa_air,airline_direct,GOX-BOM
QP1176,Akasa Air,QP,GOX,BOM,2026-09-03T20:25:00,2026-09-03T21:45:00,5573.0,2158.0,7731.0,3,EC,2026-09-02T14:56:24.395111+00:00,T+1,akasa_air,airline_direct,GOX-BOM
QP1176,Akasa Air,QP,GOX,BOM,2026-09-09T20:30:00,2026-09-09T21:45:00,3686.0,2064.0,5750.0,10,EC,2026-09-02T14:56:28.644345+00:00,T+7,akasa_air,airline_direct,GOX-BOM
QP1106,Akasa Air,QP,GOX,BOM,2026-09-09T15:15:00,2026-09-09T16:40:00,5254.0,2142.0,7396.0,10,EC,2026-09-02T14:56:28.644345+00:00,T+7,akasa_air,airline_direct,GOX-BOM
QP1176,Akasa Air,QP,GOX,BOM,2026-09-17T20:25:00,2026-09-17T21:45:00,4668.0,2114.0,6782.0,10,EC,2026-09-02T14:56:32.899260+00:00,T+15,akasa_air,airline_direct,GOX-BOM
QP1106,Akasa Air,QP,GOX,BOM,2026-09-17T15:15:00,2026-09-17T16:40:00,5912.0,2176.0,8088.0,2,EC,2026-09-02T14:56:32.899260+00:00,T+15,akasa_air,airline_direct,GOX-BOM
QP1176,Akasa Air,QP,GOX,BOM,2026-10-02T20:30:00,2026-10-02T21:55:00,2586.0,2010.0,4596.0,8,EC,2026-09-02T14:56:36.868203+00:00,T+30,akasa_air,airline_direct,GOX-BOM
QP1106,Akasa Air,QP,GOX,BOM,2026-10-02T15:25:00,2026-10-02T17:00:00,2910.0,2026.0,4936.0,8,EC,2026-09-02T14:56:36.868203+00:00,T+30,akasa_air,airline_direct,GOX-BOM
QP1106,Akasa Air,QP,GOX,BOM,2026-10-17T15:25:00,2026-10-17T17:00:00,3087.0,2034.0,5121.0,8,EC,2026-09-02T14:56:41.518068+00:00,T+45,akasa_air,airline_direct,GOX-BOM
QP1176,Akasa Air,QP,GOX,BOM,2026-10-17T20:30:00,2026-10-17T21:55:00,3087.0,2034.0,5121.0,8,EC,2026-09-02T14:56:41.518068+00:00,T+45,akasa_air,airline_direct,GOX-BOM
